SampleName,label,AAA,AAC,AAG,AAT,ACA,ACC,ACG,ACT,AGA,AGC,AGG,AGT,ATA,ATC,ATG,ATT,CAA,CAC,CAG,CAT,CCA,CCC,CCG,CCT,CGA,CGC,CGG,CGT,CTA,CTC,CTG,CTT,GAA,GAC,GAG,GAT,GCA,GCC,GCG,GCT,GGA,GGC,GGG,GGT,GTA,GTC,GTG,GTT,TAA,TAC,TAG,TAT,TCA,TCC,TCG,TCT,TGA,TGC,TGG,TGT,TTA,TTC,TTG,TTT
mRNALoc_18600#853213,0,0.0112491932592327,0.006228038723556831,0.007811150950161348,0.007463965579060595,0.006228038723556831,0.005085693797059879,0.00506808892076013,0.007759949802796701,0.0074533883112226605,0.005495518106848333,0.004633918967371818,0.006158139117963428,0.005943528146288993,0.005008694872714234,0.006584940839010398,0.00817282179992829,0.007473646468268196,0.005580136249551811,0.006533560415919685,0.005008694872714234,0.006215847974184296,0.002378271782000717,0.0024998207242739336,0.003239064180709932,0.005922947292936537,0.0023748296880602366,0.0026461097167443533,0.0035571351738974545,0.005643599856579419,0.0035989602007888135,0.005928558623162424,0.0066857296522050925,0.009122947292936537,0.005007027608461815,0.005354750806740768,0.00707271423449265,0.006228253854428111,0.0029372893510218718,0.00359870921477232,0.005554123341699534,0.0059726066690570095,0.0037045536034420942,0.0025142344926496955,0.003169953388311223,0.0048777339548225175,0.0036819469343850847,0.004173771961276444,0.005421513087128004,0.004699533883112226,0.007336679813553246,0.003902187163858014,0.005988705629257799,0.005996324847615633,0.0038868770168519183,0.003182699892434565,0.005319827895302977,0.007194657583363213,0.0067398350663320184,0.0056002509860164935,0.005421513087128004,0.005284152025815705,0.006038723556830406,0.008537325206167085,0.010051989960559341
mRNALoc_205#101165733,0,0.015486310813472523,0.008135119164861138,0.006813157376403388,0.008656096119755761,0.010720110301359071,0.004501083316919441,0.002280953318889108,0.006278018514870987,0.006289068347449281,0.0061049044711443765,0.00429923182982076,0.005225093559188497,0.006454106755958243,0.0054254480992712234,0.005827988969864094,0.009830805593854639,0.010415993697065196,0.006906834744928108,0.007782076029151074,0.007440614536143393,0.007915698246996257,0.005780185148709868,0.001510577112467993,0.0058520779988182,0.0014088241087256254,0.0019225526885956275,0.0011047468977742761,0.0014398463659641523,0.0037203072680716963,0.0060102422690565295,0.007130667717155801,0.006160724837502463,0.005437423675398858,0.004092298601536341,0.003959818790624385,0.004421233011621036,0.0058365570218633055,0.004943706913531613,0.0011628914713413432,0.004730923773882214,0.0038466811108922596,0.0027909395312192245,0.0017145558400630293,0.002554027969273193,0.00341640732716171,0.002948256844593264,0.004179318495174315,0.005340319086074454,0.00797272011030136,0.004417864880835139,0.00341640732716171,0.0071989363797518215,0.008370691353161317,0.005377585188103211,0.0008913334646444751,0.006476659444553871,0.006363896001575734,0.005553693125861729,0.003772995863699035,0.0069150285601733315,0.009443766003545401,0.006476659444553871,0.005408784715383101,0.01940575142800867
mRNALoc_916#10940,0,0.01564740491699937,0.0052721159907543605,0.008526413111998319,0.006318344189955873,0.005191006513973524,0.0043051061147299854,0.0020039504097499475,0.005622609791973104,0.00936507669678504,0.0061549905442319815,0.006215927715906703,0.004931056944736289,0.004617251523429292,0.005043811725152343,0.006646207186383694,0.006193528052111789,0.006245429712124396,0.004470687119142677,0.008659928556419417,0.0061187224206766125,0.008775793233872663,0.005068291657911326,0.0015382643412481614,0.007086782937591931,0.0017176717797856692,0.0015382643412481614,0.001798865307837781,0.0014629123765496953,0.0038035301533935703,0.006496217692792605,0.00965522168522799,0.00724648035301534,0.008526413111998319,0.0037216221895356168,0.00633662534145829,0.005502773691952092,0.005439293969321286,0.006006555999159487,0.0016748056314351755,0.006729396932128599,0.006095230090355118,0.005086446732506829,0.003709056524479933,0.003034313931498214,0.0029300483294809835,0.004388737129649086,0.005325530573649926,0.004017230510611473,0.005427295650346712,0.0033901029628073125,0.003144442109686909,0.004624500945576802,0.006614835049380122,0.006496217692792605,0.0013166211388947258,0.008173355747005675,0.006932065559991596,0.00643681445681866,0.006192477411220845,0.007596217692792603,0.005285143937802059,0.006235343559571339,0.0056971632695944525,0.009257196890102962
mRNALoc_18457#851608,0,0.010621869273060476,0.00495174098961515,0.008431826511912035,0.009537416004886988,0.006484422724496029,0.0039712889431887605,0.002912889431887599,0.0056489004276114845,0.007111178985949908,0.0031209529627367135,0.004122907758094075,0.004882315210751375,0.005180818570555895,0.006370036652412952,0.007998686621869273,0.012483811850946856,0.008606597434331094,0.004452657299938913,0.005097556505803299,0.006370036652412952,0.00529505192425168,0.002824068417837508,0.0022359804520464266,0.0039242516799022605,0.0033290164935858278,0.0022359804520464266,0.001532803909590715,0.0028707086133170434,0.005408521686010996,0.005395846059865608,0.0053161270616982285,0.0056340867440439835,0.008838179596823457,0.004577397678680513,0.0028070861331704338,0.00758317043372022,0.00395320708613317,0.00266188149053146,0.0018934636530238242,0.004678191814294441,0.003947464874770923,0.002614783139890043,0.0024372021991447773,0.0062108430054978615,0.004259040928527795,0.004678191814294441,0.004950671960904093,0.006688698839340257,0.0055340562003665245,0.004807574832009775,0.0031163714111178986,0.008402565668906537,0.009014202810018326,0.00478268173488088,0.0028707086133170434,0.007593769089798412,0.009245235186316432,0.0051034819792303,0.007110965180207697,0.006370189370800245,0.006842089187538179,0.007593769089798412,0.00997996334758705,0.012844379963347587
mRNALoc_18830#856492,0,0.007433198380566801,0.00513475997686524,0.008656448814343552,0.006465876229034124,0.004465008675534991,0.003190283400809717,0.0027578947368421054,0.007282822440717178,0.006540427993059572,0.0035458646616541357,0.0024916136495083865,0.003343956043956044,0.0024525737420474265,0.00500694042799306,0.007474725274725275,0.01363794100636206,0.008037015615962985,0.002962406015037594,0.002954887218045113,0.0059172932330827065,0.008431463273568538,0.0004650086755349913,0.0012097165991902835,0.002786581839213418,0.00157593984962406,0.0016129554655870445,0.0018780798149219205,0.0028186234817813766,0.0075104106419895894,0.003947657605552343,0.006442567958357432,0.009045112781954887,0.00730989010989011,0.001969924812030075,0.0016610757663389243,0.0060978021978021985,0.00157593984962406,0.002419433198380567,0.00034146905725853093,0.006241237709658763,0.0013288606130711393,0.0010244071717755928,0.0026571428571428575,0.010226720647773281,0.005704395604395605,0.0054359167148640836,0.003068016194331984,0.012263504916136496,0.005128108733371891,0.007737998843262001,0.002950549450549451,0.010001156737998845,0.0056897050318102955,0.006734239444765761,0.0038252747252747257,0.010668594563331406,0.007671428571428571,0.004227935222672065,0.008181376518218623,0.008845806824754195,0.009773857721226143,0.012292076344707924,0.012866628108733371,0.017836032388663967
mRNALoc_18766#855380,0,0.01586013986013986,0.005061188811188812,0.011047902097902098,0.009435314685314685,0.004386363636363637,0.004132867132867133,0.0014886363636363639,0.006191433566433567,0.007559090909090909,0.005061363636363636,0.0022594405594405596,0.005053933566433567,0.004380681818181818,0.004815559440559441,0.009215996503496504,0.010649475524475524,0.008435314685314685,0.00309965034965035,0.002381818181818182,0.0051595279720279726,0.005166083916083916,0.0021083916083916086,0.001218881118881119,0.0059663461538461545,0.002381818181818182,0.001218881118881119,0.0010321678321678323,0.003347115384615385,0.004127622377622378,0.003509615384615385,0.005477097902097903,0.011567307692307694,0.01221083916083916,0.002084090909090909,0.003765734265734266,0.005053933566433567,0.004168181818181818,0.0021330419580419583,0.0023223776223776226,0.003347115384615385,0.005523076923076924,0.0012902097902097905,0.0019022727272727275,0.003348863636363637,0.0026756118881118883,0.0036513986013986016,0.003348863636363637,0.009115384615384615,0.005054632867132867,0.005847465034965035,0.0023783216783216784,0.00961888111888112,0.0051595279720279726,0.0059663461538461545,0.0027385489510489513,0.009464160839160839,0.007432255244755244,0.004564248251748252,0.006955332167832168,0.006988461538461539,0.01168006993006993,0.011216783216783217,0.008507692307692308,0.019254807692307696
mRNALoc_18747#854969,0,0.016291247389405735,0.010260110119612684,0.006251642301120182,0.01295490791722043,0.011652553635845834,0.007779760774634517,0.0036213404214923105,0.008815834440858173,0.007956635655971142,0.0023280045566736285,0.0024537687488133666,0.004197171065122461,0.010612777672299222,0.010534175052211886,0.007038333016897665,0.00925232580216442,0.012531991646098348,0.007480539206379344,0.00517334345927473,0.008965255363584584,0.00763014999050693,0.0030529713309284225,0.0022503132713119424,0.005793430795519272,0.004009341180937915,0.0016546421112587813,0.0012330358838048225,0.002643630149990507,0.0066492310613252325,0.005640972090374027,0.00469244351623315,0.006166888171634707,0.008209227264097209,0.005044009872792862,0.0027264097209037403,0.006069755078792482,0.004462008733624454,0.0011913423201063225,0.0006725650275299031,0.003040174672489083,0.0023992405543952914,0.001905600911334726,0.0006886273020694894,0.002685703436491361,0.004390886652743497,0.0027758116574900325,0.0019583254224416176,0.003497778621606228,0.008417030567685588,0.00889054490222138,0.0028411619517752043,0.00947617239415227,0.010534175052211886,0.00686064173153598,0.003106265426238846,0.005710081640402507,0.007748623504841466,0.003304537687488134,0.0033011771406872984,0.002969812037212835,0.007685399658249479,0.007308904499715207,0.0038937535599012723,0.006311277767229922
mRNALoc_18373#850659,0,0.009826327433628318,0.00597787610619469,0.00864612831858407,0.006609789823008849,0.006618362831858407,0.0063196902654867266,0.004521238938053097,0.009793971238938054,0.007634347345132744,0.006405088495575222,0.005400884955752213,0.00658379424778761,0.004690818584070796,0.004788163716814159,0.006489740044247788,0.006738384955752213,0.007685840707964602,0.007082411504424779,0.00744120575221239,0.0052234513274336284,0.008172013274336283,0.0023346238938053102,0.002024502212389381,0.0024427544247787613,0.00518058628318584,0.0019280973451327435,0.002449115044247788,0.0036581305309734517,0.008161642699115046,0.0037751659292035405,0.006642394911504424,0.0051012168141592925,0.008922068584070797,0.00546316371681416,0.00571858407079646,0.005737306415929204,0.007158628318584072,0.0030849557522123895,0.003428761061946903,0.006353595132743363,0.006195132743362832,0.004245132743362832,0.0030091261061946906,0.0030154590707964606,0.0052670353982300884,0.0034655973451327435,0.0038304480088495576,0.004998672566371681,0.00458420907079646,0.008596930309734513,0.004138384955752213,0.005108130530973452,0.00554991703539823,0.0031089601769911505,0.0030805309734513275,0.0051012168141592925,0.00686595685840708,0.0073162610619469035,0.005623423672566371,0.004421902654867257,0.004129977876106195,0.004768528761061947,0.0075941371681415935,0.008085315265486726
mRNALoc_18504#852161,0,0.013216783216783217,0.00616983016983017,0.008971228771228771,0.0069320679320679325,0.006748251748251749,0.00432967032967033,0.006635064935064935,0.005700049950049951,0.006313086913086913,0.005274025974025974,0.004590609390609391,0.006115684315684317,0.005776723276723277,0.005306943056943057,0.0056060439560439565,0.006674325674325675,0.00751948051948052,0.005904095904095905,0.005444155844155844,0.004520729270729271,0.0039360639360639365,0.004618381618381619,0.002437762237762238,0.004612637362637363,0.006294805194805194,0.0017412587412587413,0.003538861138861139,0.004173026973026973,0.005110389610389611,0.004010989010989011,0.004520779220779221,0.007811688311688312,0.009635764235764236,0.004593506493506493,0.004734065934065934,0.006625324675324676,0.005614285714285715,0.003134265734265735,0.003538861138861139,0.004520779220779221,0.005307892107892107,0.004865934065934066,0.0024155844155844155,0.0036800699300699306,0.004586763236763236,0.004346903096903098,0.003532867132867133,0.006945054945054946,0.004813936063936064,0.007075924075924077,0.0030578421578421585,0.004907592407592408,0.007075924075924077,0.0034093406593406596,0.0031297702297702302,0.00660989010989011,0.007814485514485514,0.004694655344655345,0.005740909090909091,0.0053824175824175825,0.0041223776223776225,0.00640959040959041,0.010417582417582418,0.012203046953046952
mRNALoc_18815#856279,0,0.007086234600964114,0.005168719871451527,0.006413283342260311,0.006607391537225496,0.004548473486877343,0.0035875736475629353,0.0027364756293519017,0.005690680235672201,0.006769576861274772,0.0029189073379753618,0.0030765934654525978,0.004189769683985003,0.005162024638457418,0.00737680771290841,0.005829244777718265,0.009261917514729512,0.00578896625602571,0.0016882699517943224,0.003831065881092662,0.005479914301017676,0.005486877343331548,0.004091055168719872,0.0029874665238350294,0.006666577396893413,0.001824317086234601,0.002614033208355651,0.0020554900910551687,0.0035425281199785753,0.007587573647562935,0.004301017675415105,0.006898607391537226,0.011168719871451526,0.007660310658810927,0.0027364756293519017,0.0018459560792715587,0.006011408677021961,0.002371612212104981,0.0028007498660953404,0.0015811462238885913,0.007457953936797001,0.002615104445634708,0.002213604713444028,0.0025902517407605788,0.007734493840385646,0.0038254418853776112,0.004661221210498125,0.005366791644349223,0.010053776111408678,0.004749062667380825,0.006955275843599358,0.005100589180503482,0.009261917514729512,0.004636850562399572,0.008817086234600965,0.0027967327262988753,0.010094804499196574,0.00692222817354044,0.006339260846277451,0.007418800214247456,0.00800578468130691,0.009682913765399035,0.009665238350294592,0.010984681306909482,0.014801553294054633
mRNALoc_18831#856494,0,0.005964932787843367,0.006542372881355932,0.006026066627703098,0.007660432495616599,0.003158386908240795,0.005296317942723554,0.003185037989479836,0.007819403857393338,0.004470952659263588,0.0023887784921098774,0.0030213909994155465,0.004372998246639392,0.003154295733489188,0.007129456458211572,0.008348451198129749,0.010565751022793689,0.008798363530099357,0.0029935710111046172,0.003185037989479836,0.007359438924605494,0.010132086499123321,0.003289304500292227,0.0018336645236703684,0.002815897136177674,0.001990648743424898,0.0020374050263004093,0.002070368205727645,0.0034586206896551727,0.006669491525423729,0.004458503798947984,0.007527586206896552,0.006562244301578025,0.006414845119812974,0.001791583869082408,0.0021821157218001167,0.0045717708942139106,0.001592518994739918,0.0042785505552308594,0.0003450613676212741,0.0042724137931034484,0.0015106954997077733,0.002070368205727645,0.001978492109877265,0.009645353594389247,0.0063607247223845705,0.005289655172413793,0.0046504383401519585,0.011783050847457628,0.005182057276446523,0.008279368790181181,0.0029815897136177675,0.00987668030391584,0.007819403857393338,0.00492781998831093,0.004475862068965518,0.01078082992402104,0.007155815312682642,0.0036620689655172418,0.00809520748100526,0.009751490356516658,0.009646990064289889,0.011015195791934542,0.008735710111046171,0.0161510812390415
mRNALoc_18604#853236,0,0.00954994124559342,0.006803760282021152,0.005080846063454759,0.00792743830787309,0.0038554641598119855,0.00763924794359577,0.0036021151586368982,0.008554347826086956,0.004494594594594595,0.003001762632197415,0.004387309048178614,0.003197179788484136,0.0056624559341950645,0.00670475910693302,0.00679400705052879,0.008543478260869566,0.009071680376028202,0.004398354876615746,0.004802820211515864,0.00786075205640423,0.009028202115158637,0.0023619271445358405,0.002252996474735605,0.0054256756756756765,0.002201292596944771,0.002662632197414806,0.003295417156286722,0.0028633372502937723,0.006011163337250294,0.0054256756756756765,0.007362867215041129,0.008246180963572268,0.005862514688601645,0.003401997649823737,0.0028686251468860165,0.005595064629847239,0.004802820211515864,0.003686721504112809,0.0015609870740305525,0.0042950058754406585,0.004218566392479436,0.0036423031727379554,0.0024151586368977673,0.006406521739130435,0.00399647473560517,0.005726674500587545,0.004501880141010576,0.006739600470035253,0.004982961222091657,0.00901674500587544,0.0025977085781433607,0.006234430082256169,0.008554347826086956,0.005189776733254994,0.0038859576968272623,0.009188601645123385,0.0065941833137485315,0.004704054054054055,0.00657967097532315,0.008169212690951822,0.006927144535840189,0.008717391304347826,0.007760752056404231,0.012471504112808462
mRNALoc_18599#853212,0,0.015529720279720279,0.005398601398601399,0.011047902097902098,0.008761363636363637,0.004048951048951049,0.004821678321678322,0.002084090909090909,0.006535402097902098,0.008140559440559442,0.005061363636363636,0.0020083916083916084,0.005648513986013986,0.0030327797202797206,0.0051595279720279726,0.009215996503496504,0.00961888111888112,0.008097902097902098,0.0037884615384615387,0.003275,0.0044715909090909094,0.004477272727272727,0.0028111888111888115,0.002437762237762238,0.005615384615384616,0.002679545454545455,0.001218881118881119,0.0015482517482517484,0.0036513986013986016,0.0044715909090909094,0.004562500000000001,0.0048685314685314686,0.011216783216783217,0.012501573426573426,0.002679545454545455,0.003765734265734266,0.005351223776223777,0.005061363636363636,0.0021330419580419583,0.0015482517482517484,0.003955681818181818,0.005774125874125874,0.0018062937062937065,0.0014795454545454547,0.0025760489510489515,0.0023783216783216784,0.003347115384615385,0.003348863636363637,0.008507692307692308,0.004717657342657343,0.005503496503496504,0.0023783216783216784,0.008588286713286713,0.005847465034965035,0.005615384615384616,0.0030428321678321684,0.009113636363636364,0.007432255244755244,0.004564248251748252,0.006697727272727274,0.005773076923076923,0.011336538461538462,0.010515734265734267,0.007596153846153846,0.02135533216783217
mRNALoc_18833#856499,0,0.015613994480548385,0.008350218107362237,0.008379399982195317,0.0123889878037924,0.00797222469509481,0.004945606694560669,0.003456636695450904,0.006690866197810025,0.008024089735600462,0.003729529066144396,0.0031192379595833706,0.003996545891569483,0.009300320484287368,0.006866019763197721,0.00738755452684056,0.013189797916852132,0.010618178580966794,0.004033650850173596,0.0042753138075313805,0.007321419033205734,0.005822487314163625,0.002254606961630909,0.0017999465859521054,0.004646577049764088,0.003183744324757411,0.0016447787768183034,0.0013402652897712098,0.0026650583103356184,0.005955221223181697,0.004181919344787679,0.004090554615863972,0.007425264844654144,0.009652595032493546,0.003456636695450904,0.0028124276684768092,0.006903124721801834,0.0037901718151873943,0.0026378527552746375,0.0011825870203863618,0.0039046203151428833,0.0041675064541974545,0.0018921392326181786,0.0013561292619959052,0.002571049586041129,0.0034818392237158375,0.0027270364105759816,0.0021512863883201283,0.005539072376034898,0.008648268494614085,0.007216326893973115,0.0034818392237158375,0.010111012196207603,0.008792708982462389,0.004575091248998487,0.0024171459093741657,0.006425709961719933,0.007236170212765958,0.004121543665984154,0.004197631977210006,0.004579791685213211,0.010705777619513933,0.008424819727588356,0.0068696875278198176,0.014011973649069706
mRNALoc_10172#4363,0,0.00576043889058214,0.005058823529411765,0.005930234684547394,0.003054861322767449,0.0055294117647058825,0.0072051203901249625,0.003062389515391649,0.004257619628162146,0.006183663517220359,0.00638430356598598,0.005602194452910698,0.0038871533069186224,0.0017036726607741544,0.0068961444681499545,0.004923727522096921,0.0037131971959768364,0.0055882352941176465,0.00576409631209997,0.009342883267296556,0.007375876257238648,0.009246571167327034,0.01016946053032612,0.005099908564462055,0.011013410545565377,0.002699055166107894,0.00403742761353246,0.003328985065528802,0.0034481103322157878,0.003358122523620848,0.007831758610179823,0.010397378847912224,0.007638677232551052,0.006589149649497104,0.005346205425175252,0.005602194452910698,0.004249954282231027,0.005605729960377934,0.009084212130448034,0.0022943005181347152,0.006630981408107285,0.007221578786955197,0.006657970131057604,0.004606065224017068,0.0036826272477903078,0.001554861322767449,0.005198689423956112,0.005793401402011582,0.003602072538860104,0.0018211673270344406,0.0035380219445291074,0.0011920603474550441,0.0026351722035964646,0.008275373361779945,0.008443614751600123,0.003235918927156355,0.007883114903992686,0.005390185918927156,0.005729167936604693,0.00866764705882353,0.005456080463273393,0.002515391648887534,0.007638677232551052,0.0046615056385248405,0.0075070862541907965
mRNALoc_18566#852920,0,0.009905381639113612,0.0052272247625747455,0.005966443897291593,0.010440907492085824,0.005838199085473092,0.0036725290186422795,0.0023960604994723886,0.007058916637354907,0.007721280337671475,0.002515863524446008,0.0032831516004220894,0.0029308652831516006,0.005898434752022512,0.007681762223003869,0.008613155117833275,0.013754308828702076,0.009436158986985578,0.0036725290186422795,0.004253007386563489,0.006851301442138587,0.0058206120295462545,0.002898698557861414,0.002145796693633486,0.004448557861414,0.0022163559620119594,0.0016553288779458319,0.00155750967288076,0.003428350334154063,0.0049135596201195925,0.004236721772775238,0.005020084417868449,0.007122933520928597,0.0066098839254308825,0.0028752725993668664,0.0034346816742877244,0.0077757650369328175,0.00401340133661625,0.0030041153710868803,0.0014017587055926838,0.003489570875835385,0.003485191698909603,0.0025439324657052413,0.0024239535701723533,0.006219486457966937,0.004785086176574042,0.004101776292648611,0.003524375659514597,0.007397045374604292,0.0054916461484347525,0.0071281217024270135,0.0028112381287372494,0.010851389377418221,0.008650633134013366,0.005648962363700317,0.002938586000703483,0.006488216672529019,0.007297256419275413,0.005020084417868449,0.007411554695743933,0.006785719310587408,0.010367569468870911,0.007546078086528316,0.01002574744987689,0.017115986633837496
mRNALoc_18602#853231,0,0.010892132701421801,0.006439431279620853,0.008196777251184834,0.007454218009478673,0.0061467298578199055,0.0059006635071090045,0.005165497630331754,0.009324644549763034,0.006935734597156398,0.005230066350710901,0.004954540284360189,0.007027658767772512,0.00511563981042654,0.0049234123222748815,0.006769763033175356,0.007375734597156398,0.00819563981042654,0.006199431279620854,0.006779715639810427,0.0049234123222748815,0.00784265402843602,0.0025148815165876776,0.0020486445497630333,0.003120663507109005,0.005552909952606635,0.0022469004739336493,0.002630218009478673,0.0032995260663507115,0.007608909952606636,0.004034028436018957,0.005807165876777252,0.005397345971563981,0.009016454976303318,0.0051009289099526066,0.0050634312796208536,0.006253971563981043,0.006263165876777252,0.00290775355450237,0.003301763033175356,0.005543203791469195,0.005934559241706162,0.003749459715639811,0.002521137440758294,0.0032961706161137444,0.005673706161137442,0.00343150710900474,0.0043017819905213275,0.0051398672985782,0.004750236966824645,0.008802464454976304,0.0040618578199052135,0.005513175355450237,0.005967772511848342,0.004110142180094787,0.0031015545023696683,0.0048652132701421805,0.006963184834123223,0.006731033175355451,0.005419127962085308,0.0050739715639810425,0.004470142180094787,0.0056254028436018965,0.0075121137440758295,0.009034976303317536
mRNALoc_18436#851415,0,0.012212307692307692,0.008165384615384616,0.007867269230769232,0.00852548076923077,0.008388076923076923,0.005606923076923077,0.003275,0.005372788461538462,0.007739346153846153,0.0037335000000000003,0.0029824615384615384,0.004512865384615385,0.005708365384615385,0.006507884615384616,0.00797926923076923,0.010731923076923076,0.010615000000000001,0.005228076923076923,0.004716000000000001,0.007415961538461539,0.00871346153846154,0.0036334615384615385,0.0019441153846153846,0.004709903846153846,0.0021615000000000002,0.0010055769230769233,0.0015327692307692308,0.005355384615384616,0.004313365384615385,0.005482019230769231,0.00435125,0.005783653846153847,0.00793123076923077,0.0029475000000000005,0.0034795384615384614,0.006736596153846154,0.0029475000000000005,0.0028826538461538464,0.001021846153846154,0.0035479423076923075,0.002927230769230769,0.0016463076923076924,0.0013950000000000002,0.006404057692307692,0.004643673076923077,0.005020673076923077,0.0044205,0.00835576923076923,0.0060049038461538464,0.006356538461538462,0.002812365384615385,0.008313461538461539,0.008248365384615385,0.006794615384615385,0.003882653846153846,0.006400576923076923,0.008437096153846154,0.003882653846153846,0.00646073076923077,0.005815615384615384,0.008540192307692308,0.008174230769230769,0.008222076923076924,0.010551634615384616
mRNALoc_18510#852264,0,0.014998733642887294,0.006517517940059098,0.009125791473195442,0.011634972562262558,0.007332207682566484,0.004989447024060785,0.003378682988602786,0.005979738286196708,0.008002617138032925,0.0025879273955255384,0.004970536091177712,0.004522224567327987,0.007973617560151964,0.006062790206838329,0.008398417053609119,0.011446601941747573,0.009694807935837907,0.0037420852680455892,0.0044569860700717605,0.005813634444913465,0.0050726044744617985,0.0022908400168847615,0.0024279864921907977,0.004152279442802871,0.0040256648374841705,0.00183938370620515,0.0013707049387927397,0.002497973828619671,0.005149219079780498,0.004152279442802871,0.0037469607429295062,0.0070246939636977625,0.010108569016462643,0.004960194174757282,0.003636977627691009,0.007824166314900802,0.003738117349092444,0.00220726044744618,0.001433009708737864,0.0035265512874630644,0.005152384972562263,0.0025544955677501056,0.002602743773744196,0.00391855213170114,0.003804411143942592,0.0027918531025749264,0.0033587589700295483,0.005722414520894893,0.007322710004221191,0.00622889404812157,0.003158379062895737,0.008543478260869566,0.007723828619670748,0.004491241029970452,0.002497973828619671,0.006432249894470242,0.009116230476994513,0.0037469607429295062,0.005286935415787252,0.004621950189953567,0.00821169269734065,0.008124947235120304,0.007629886027859857,0.014200928661882653
mRNALoc_18867#856913,0,0.013872295290623674,0.007615188799321171,0.009101697072549852,0.010140432753500211,0.007615188799321171,0.004429783623249894,0.003468137462876538,0.005342384386932541,0.009666143402630462,0.003684896054306322,0.0038382689859991514,0.004184514212982605,0.007768879932117098,0.005926707679253289,0.007864000848536275,0.012255197284683921,0.01015358506576156,0.004179041154009334,0.004335171828595673,0.005926707679253289,0.005767076792532881,0.0031552821383114132,0.0021445481544336022,0.0034068731438268987,0.0032513788714467542,0.0014050487908358084,0.001941281289775138,0.0031752863809927875,0.004591111582520153,0.003066185829444209,0.00443063215952482,0.005699406024607552,0.01030114552397115,0.0031791260076368265,0.003350869749681799,0.008441175222740772,0.004190666100975817,0.0027361476453118374,0.0015655494272380143,0.0033229741196436147,0.005178616885871872,0.0021291472210436995,0.0016927025880356386,0.0048762409843020795,0.0042566610097581675,0.0032491302503182013,0.004063534153585066,0.006562664403903268,0.006296881629189647,0.005926707679253289,0.00468954179041154,0.009087187102248621,0.007095354263894783,0.004088247772592278,0.002658379295714892,0.005869537547730165,0.006853945693678405,0.004504476028850233,0.006439138735680951,0.00575154857870174,0.009420661858294443,0.007400721255833687,0.007594993635977938,0.013253712346202802
mRNALoc_18603#853233,0,0.016183734939759036,0.006145438898450947,0.008157573149741824,0.010284423407917385,0.00705895008605852,0.003390705679862306,0.003150989672977625,0.006349505163511188,0.008229130808950085,0.00271131669535284,0.004819621342512909,0.00431710413080895,0.008376828743545612,0.00651882530120482,0.0079756669535284,0.012682874354561103,0.007972461273666093,0.004153614457831325,0.00447000860585198,0.006688145438898452,0.005001290877796902,0.0021622203098106713,0.0022500000000000003,0.0031097246127366612,0.004396729776247848,0.001575,0.0017783132530120485,0.0026961273666092946,0.004402323580034424,0.002677818416523236,0.004268868330464717,0.006556798623063684,0.00973184165232358,0.003883777969018933,0.0038309810671256455,0.009292749569707402,0.0038104991394148024,0.0021000000000000003,0.0015877796901893287,0.002845912220309811,0.00500499139414802,0.0027309810671256457,0.0017687607573149743,0.004374849397590362,0.004536617900172117,0.002995697074010327,0.0037408132530120483,0.00635671256454389,0.006635111876075731,0.005672224612736661,0.0038780765920826163,0.008962564543889846,0.00753474612736661,0.004923730636833047,0.0035199440619621348,0.005780335628227194,0.008926893287435456,0.0031454819277108434,0.005516114457831326,0.006132358003442341,0.007694277108433735,0.00966265060240964,0.008076764199655766,0.014475903614457832
mRNALoc_18592#853198,0,0.015863718411552347,0.005225631768953068,0.00848009927797834,0.010611687725631768,0.006444945848375452,0.0038226534296028885,0.0026897563176895307,0.005060807761732853,0.008930370036101084,0.0029203068592057765,0.0036288808664259927,0.004757716606498195,0.0070454648014440435,0.006126240974729242,0.008441110108303248,0.013655685920577618,0.0073158844765342955,0.0027558664259927797,0.004073059566787004,0.007102888086642599,0.004267148014440433,0.0014512635379061373,0.0020450361010830326,0.0036236462093862816,0.003304557761732852,0.0011798285198555958,0.0015319494584837545,0.002670442238267148,0.005238379963898917,0.0026271435018050543,0.004476917870036102,0.0069668321299639,0.009380640794223826,0.004073059566787004,0.00401768953068592,0.007750473826714802,0.004149909747292419,0.002438312274368231,0.001332129963898917,0.004241290613718412,0.00401768953068592,0.0023978339350180507,0.0024550992779783396,0.005186507220216607,0.004987928700361011,0.003063154332129964,0.0034576714801444045,0.0069018050541516255,0.007567351083032491,0.005771096570397112,0.0036066561371841154,0.009754061371841155,0.006392599277978339,0.0036236462093862816,0.002670442238267148,0.006423962093862816,0.00897827166064982,0.005497969314079422,0.006449887184115524,0.005490072202166065,0.00922202166064982,0.007238267148014441,0.010587996389891698,0.015723601083032494
mRNALoc_10295#446296,0,0.011835260115606937,0.006414739884393063,0.006328371868978806,0.007149205202312138,0.008181117533718689,0.005503853564547206,0.002543015414258189,0.007013246628131021,0.00656868978805395,0.005578227360308286,0.004426974951830444,0.004505178227360308,0.0047351878612716765,0.005686416184971098,0.009092268786127167,0.006625722543352602,0.007716281310211947,0.007876204238921002,0.007054816955684009,0.008719171483622352,0.008065992292870906,0.004163294797687862,0.0026027456647398847,0.006382225433526011,0.002214884393063584,0.00251878612716763,0.001990751445086705,0.0015091040462427744,0.00521254816955684,0.005415221579961465,0.007713198458574181,0.006857177263969172,0.007369749518304432,0.004101637764932563,0.004150289017341041,0.005324301541425819,0.007136849710982659,0.0052054913294797694,0.0019196531791907515,0.0055333815028901735,0.00615626204238921,0.004763583815028902,0.0033195086705202314,0.0031940028901734107,0.003522230250481696,0.004024277456647399,0.005820183044315992,0.003851059730250482,0.0047351878612716765,0.0046439065510597306,0.0036041425818882466,0.005489884393063584,0.007960982658959538,0.005898723506743739,0.001173747591522158,0.006567437379576108,0.005651950867052023,0.006455611753371869,0.007736584778420039,0.008455587668593448,0.005016618497109827,0.006084537572254335,0.005944026974951831,0.007813222543352602
mRNALoc_18737#854781,0,0.009836786255684689,0.007411824153612936,0.006386457806973219,0.01042155128852956,0.006436584133400707,0.004081354219302679,0.003958463870641738,0.005070363820111167,0.00806710459828196,0.0035281960586154627,0.003410409297625063,0.0033511622031328955,0.007986609398686206,0.007257579585649319,0.008764578069732187,0.013205912076806468,0.009752400202122284,0.00318544719555331,0.004474785245073269,0.007854092976250632,0.006968165740272866,0.003250126326427489,0.0020257200606366853,0.003956164729661446,0.0035281960586154627,0.0016734209196563922,0.0014916624557857504,0.003693835270338555,0.004473850429509854,0.0033475240020212228,0.004045629105608893,0.007091965639211724,0.008151136937847398,0.0030118746841839316,0.0033378473976755935,0.007647524002021224,0.003786356745831228,0.002642243557352198,0.0011933299646286004,0.004749216776149571,0.0037732187973724103,0.0025358261748357758,0.0011607377463365336,0.004095123799898939,0.0033511622031328955,0.003517938352703386,0.00268044466902476,0.007728347650328449,0.006136053562405256,0.006064552804446691,0.004210434562910561,0.01131935320869126,0.00825176856998484,0.0061878473976755945,0.0032540929762506316,0.005065689742294088,0.006702324406265791,0.004397422940879232,0.005509802930773118,0.005884082870136432,0.012014401212733705,0.00861167256189995,0.007464881253158161,0.018618494188984334
mRNALoc_18845#856630,0,0.009568371607515657,0.006648225469728602,0.0076379958246346556,0.007545015657620042,0.0064467640918580375,0.005757828810020877,0.004444154488517745,0.0096526617954071,0.007724791231732777,0.005688517745302713,0.005546137787056367,0.0070114561586638825,0.00472820981210856,0.005031706680584552,0.006922703549060543,0.007281576200417537,0.007957724425887264,0.006169102296450939,0.007555062630480168,0.004929018789144051,0.00832828810020877,0.0020981210855949895,0.0019103862212943635,0.002619389352818372,0.005155219206680585,0.0020013569937369522,0.0025421711899791233,0.003179410229645094,0.008523094989561587,0.003981471816283925,0.006086299582463465,0.005022964509394572,0.00885313152400835,0.00488856993736952,0.0059208768267223376,0.0062126826722338204,0.006488465553235908,0.0031839770354906054,0.003389561586638831,0.006540501043841336,0.006520459290187891,0.0043139874739039664,0.002776409185803758,0.002999295407098121,0.005502661795407098,0.0028160490605427975,0.003999060542797495,0.005170459290187892,0.004828810020876827,0.008523094989561587,0.004792640918580376,0.0052304279749478075,0.005545146137787057,0.003771920668058455,0.002997729645093946,0.004709029227557411,0.006478940501043842,0.007448903966597077,0.005767875782881003,0.004444780793319416,0.004512526096033403,0.005232254697286012,0.007438204592901879,0.007420537578288101
mRNALoc_18811#856137,0,0.01362630709961475,0.008922399559713814,0.005582993946064943,0.012517611447440836,0.00881618051733627,0.004228398458998349,0.004498844248761695,0.005630709961474959,0.006955861309851404,0.0030929554210236652,0.002924160704457898,0.003930709961474959,0.010820308200330215,0.006388690148596587,0.008048596587782059,0.012544854155200881,0.010728123280132087,0.0033610346725371494,0.004498844248761695,0.00628040726472207,0.005854705558613099,0.0035399009356081455,0.0017266923500275178,0.004198403962575674,0.0029992294991744634,0.0018226197028068246,0.0024369840396257568,0.0029694826637314256,0.00628040726472207,0.0034250137589433133,0.003927380297193176,0.007834617501375894,0.007596532746285085,0.004030214639515685,0.0032402861860209137,0.008329361585030271,0.0037490368739680796,0.002685965877820584,0.0012184920198128784,0.003735800770500826,0.004662850853054485,0.002761915244909191,0.001996147495872317,0.003568189323059989,0.0030884149697303245,0.0025863236103467256,0.003162713263621354,0.005834782608695653,0.00848651623555311,0.00693010456796918,0.0035563566318106772,0.010490093560814531,0.006605255916345625,0.00475082553659879,0.0029694826637314256,0.007944964226747385,0.008329361585030271,0.0034484314804623002,0.0056766648321408915,0.0041130434782608695,0.009300495321959274,0.009931205283434233,0.006886956521739131,0.010690286186020914
mRNALoc_18740#854883,0,0.021273634599390075,0.009203215968949265,0.00820665372886055,0.014641946215691712,0.007169947324646521,0.004041585805378431,0.0028328250623787083,0.006327418907679512,0.007007929026892155,0.003588245079013031,0.0026275575270307736,0.004431577488217355,0.008122539506515111,0.008836567784862767,0.0061287773773218744,0.01634322151372332,0.01359079567507624,0.0031677294150263377,0.00368267258109232,0.006654699196007763,0.006226226781258664,0.0028976989187690606,0.0012563903520931524,0.004341142223454394,0.003116107568616579,0.0016429719988910454,0.0009820903798170226,0.0015441086775713892,0.006000138619351262,0.004118519545328528,0.0029917105627945664,0.00755974494039368,0.0088521208760743,0.00339939007485445,0.002309065705572498,0.006600221790962019,0.00339939007485445,0.0021261990573884114,0.0007365677848627669,0.0035707513168838374,0.002547934571666205,0.0015549764347102858,0.0006033268644302745,0.0028595785971721657,0.003111533130024952,0.0022196562240088718,0.001470640421402828,0.0053002495148322705,0.009511921264208483,0.004472830607152758,0.003488688660937067,0.011222345439423345,0.01047296922650402,0.00556556695314666,0.0025091766010535074,0.00633684502356529,0.008580288328250625,0.0028952037704463546,0.003349792070973108,0.0029874133629054617,0.011549209869697812,0.009783199334627114,0.00761308566675908,0.01665511505406155
mRNALoc_18515#852311,0,0.014056064073226545,0.006072654462242564,0.008657494279176201,0.010144736842105264,0.005962242562929062,0.0037191075514874145,0.003117620137299771,0.008216676201372997,0.007801258581235699,0.002630491990846682,0.00328604118993135,0.0034048913043478266,0.007277745995423341,0.005402745995423341,0.008463586956521739,0.011691075514874144,0.008280892448512586,0.0036064073226544625,0.003409897025171625,0.005402745995423341,0.004733409610983981,0.002759725400457666,0.001994279176201373,0.004478975972540046,0.003312471395881007,0.0012962814645308925,0.0022798627002288334,0.0034849828375286044,0.005065074370709383,0.005168049199084669,0.0046798340961098405,0.008832093821510298,0.008181807780320367,0.004286727688787185,0.0026288329519450803,0.008852717391304348,0.0032150457665903894,0.0021937070938215105,0.0018576659038901603,0.004281550343249428,0.004107551487414188,0.0029553775743707098,0.0017982837528604122,0.004720594965675058,0.004961413043478261,0.003086699084668192,0.003371853546910755,0.006860526315789474,0.008490703661327231,0.006865989702517163,0.002626630434782609,0.008206235697940503,0.006865989702517163,0.005282894736842105,0.0034849828375286044,0.006767448512585813,0.008463586956521739,0.004480692219679634,0.006237929061784898,0.006462814645308924,0.008543478260869566,0.008832093821510298,0.009644508009153318,0.013518020594965676
mRNALoc_18509#852259,0,0.018232941176470587,0.007265882352941176,0.013304,0.008390294117647058,0.008174117647058823,0.004867058823529412,0.003105470588235294,0.005555294117647059,0.012717058823529413,0.004107235294117647,0.004561411764705882,0.004501323529411765,0.006349411764705883,0.005786764705882353,0.006902029411764706,0.011212058823529412,0.009763529411764707,0.0037082352941176467,0.00490864705882353,0.005555294117647059,0.0061417647058823535,0.0031923529411764704,0.002870823529411765,0.004251176470588236,0.003906882352941177,0.0019480588235294119,0.002344235294117647,0.0027643235294117644,0.005555294117647059,0.002716029411764706,0.004197676470588235,0.0054252941176470585,0.012227941176470589,0.005710058823529413,0.004054588235294118,0.008202411764705882,0.003906882352941177,0.002973352941176471,0.0021705882352941177,0.004095294117647059,0.0052371764705882356,0.0028651764705882356,0.001209,0.003727088235294118,0.004701382352941177,0.002969088235294118,0.0025136176470588237,0.005111764705882353,0.007256470588235294,0.004629411764705883,0.0037010882352941175,0.007744411764705883,0.0059025,0.005432058823529412,0.0028667058823529414,0.0040100000000000005,0.008102382352941176,0.004095294117647059,0.0049405588235294125,0.004089411764705882,0.006588529411764707,0.00672264705882353,0.008076588235294118,0.007656617647058824
mRNALoc_18781#855529,0,0.014255745433117266,0.007164997053624043,0.005879787860931056,0.013629935179728934,0.006482616381850324,0.004759575721862109,0.0031109605185621688,0.006376694166175604,0.007741720683559223,0.0030106069534472603,0.0033001767825574548,0.004509281084266353,0.009540954625810253,0.007304213317619329,0.009820212139068946,0.0123898055391868,0.010008249852681202,0.003250441956393636,0.005419092516205068,0.008231732469063053,0.005804360636417207,0.0015397760754272247,0.0015406599882144963,0.003430612846199175,0.0028098998232174424,0.0009243959929286978,0.0021744254566882734,0.002153830288744844,0.0054491750147318795,0.003667206835592222,0.0028717737183264584,0.006498232174425457,0.008917678255745434,0.0031109605185621688,0.0035540365350618737,0.006713818503241013,0.004816971125515616,0.0013352386564525634,0.0013046552740129643,0.003179463759575722,0.0035540365350618737,0.0023483794932233353,0.002137301119622864,0.004775633470830878,0.004509281084266353,0.0030769004124926343,0.002344401885680613,0.006657041838538598,0.0073828815556865055,0.007188273423688863,0.003707631113730112,0.010768709487330583,0.009970830878020037,0.0047318797878609315,0.0022563936358279317,0.005434885091337655,0.008216912197996465,0.0042050972304066,0.00520978196817914,0.004711137301119623,0.00937919858573954,0.008270477312905127,0.007783618149675898,0.016048320565704186
mRNALoc_18505#852173,0,0.014659904534606206,0.009327565632458233,0.008235620525059667,0.01104057279236277,0.008982100238663485,0.005759546539379475,0.00396282816229117,0.00633920047732697,0.008434069212410501,0.00396282816229117,0.004198329355608592,0.004971628878281623,0.007475387828162291,0.008217482100238665,0.007305250596658711,0.008793257756563247,0.01174582338902148,0.00564200477326969,0.0060966587112171846,0.006573985680190931,0.008227923627684965,0.0033579952267303106,0.004471897374701671,0.003952714797136038,0.00477571599045346,0.002807935560859189,0.002025536992840096,0.0031154534606205255,0.005282667064439141,0.00682741646778043,0.002803908114558473,0.00490483293556086,0.009128639618138425,0.004369272076372315,0.003769928400954654,0.006189170644391408,0.004572494033412888,0.00363991646778043,0.0014971360381861576,0.003323150357995227,0.0035128878281622915,0.0031704057279236275,0.0011541766109785204,0.0030771181384248213,0.0042613961813842485,0.003219301909307876,0.0026375298329355612,0.005288663484486874,0.007590393794749403,0.005634844868735084,0.0035511634844868738,0.007972553699284011,0.008569659904534607,0.007426312649164678,0.0029077565632458237,0.006101133651551313,0.006899403341288784,0.002803908114558473,0.0035167064439140814,0.004147971360381862,0.0076208233890214805,0.00669928400954654,0.004770167064439141,0.009200029832935563
mRNALoc_18739#854872,0,0.010898330804248861,0.008317450682852808,0.007469620637329287,0.00889165402124431,0.008434597875569043,0.0051417298937784526,0.0038246433990895296,0.00644886191198786,0.006964916540212444,0.003411168437025797,0.0036608194233687407,0.004128679817905918,0.004679817905918058,0.00847905918057663,0.006915538694992413,0.009422458270106222,0.011831866464339908,0.004902579666160849,0.004858330804248862,0.008001365705614568,0.008370257966616085,0.004148103186646434,0.0022217298937784523,0.004264795144157815,0.0037212746585735964,0.003173899848254932,0.002777298937784522,0.0043314415781487104,0.004896358118361153,0.0058488619119878614,0.004859666160849772,0.008032169954476481,0.007873383915022762,0.004961699544764796,0.0032250075872534145,0.006915538694992413,0.004548224582701062,0.004020273141122914,0.002150166919575114,0.0035919271623672234,0.004881092564491655,0.0030460698027314115,0.0011007587253414265,0.0035775417298937787,0.0029932928679817904,0.00475402124430956,0.00420361153262519,0.005380151745068285,0.005030804248861913,0.005493474962063733,0.0026836418816388466,0.00548649468892261,0.008359635811836116,0.0054833080424886195,0.0059161153262518975,0.009492564491654022,0.007121972685887709,0.004542731411229135,0.005097996965098634,0.005380151745068285,0.006082852807283763,0.010344461305007588,0.0063295902883156304,0.007779059180576631
mRNALoc_18574#853026,0,0.013374075265358635,0.006952717915728531,0.006632743647475073,0.01215149565776777,0.00856674171759408,0.0030414924412994534,0.0032865873271148284,0.00632840141524606,0.006632743647475073,0.003067481505307173,0.0037874557735606304,0.004485075587005468,0.009051624316500483,0.006075265358636218,0.008204406561595368,0.015421678996461886,0.00955998713412673,0.004308780958507559,0.004163010614345449,0.0083534898681248,0.005195882920553232,0.0012930202637504021,0.001681891283370859,0.003745094885815375,0.003615246059826311,0.0017940173689289162,0.001614152460598263,0.0029110968156963652,0.0054424252171116115,0.0036159536828562246,0.0033589578642650372,0.004514313284014152,0.009093277581215824,0.003615246059826311,0.002494178192344805,0.007110485686715986,0.004601222257960759,0.0023546477967192024,0.0018990028948214861,0.0029110968156963652,0.005265487294950145,0.002658604052750081,0.0017110324863300098,0.0034124155677066584,0.004485075587005468,0.00268716629141203,0.0032228369250562883,0.006596461884850435,0.006695722097137343,0.00632840141524606,0.004922643936957221,0.011123834030234803,0.007973785783210036,0.005165648118366034,0.0030230620778385333,0.003998391765841107,0.006454133161788357,0.004142714699260213,0.005971727243486652,0.00614924412994532,0.010112576391122547,0.007867803152138952,0.008385332904470891,0.017261820521067867
mRNALoc_17522#80843,0,0.0071670480549199085,0.0032808107224583196,0.005545145472376594,0.0036546256946714617,0.0056783262504086305,0.00669761359921543,0.0012247793396534816,0.005145472376593658,0.005871330500163452,0.00734867603792089,0.0065720823798627,0.004558385093167703,0.0022683883622098724,0.005788656423667866,0.004780745341614907,0.004753514220333443,0.005930696305982347,0.007084014383785551,0.009575547564563584,0.007460934946060805,0.009660019614253024,0.006965021248774109,0.0027350114416475973,0.009318895063746323,0.0018928407976462895,0.0013675057208237986,0.002219548872180451,0.001820725727361883,0.003987741091860085,0.007350114416475973,0.011948512585812358,0.008651847008826414,0.00413167701863354,0.004008368747956849,0.0058209872507355345,0.004113664596273292,0.006680614579928081,0.007065446224256293,0.0014475318731611638,0.007738084341288002,0.005445439686171952,0.005790127492644655,0.005058908139915005,0.0052986270022883294,0.0026683229813664598,0.006827721477607061,0.005972997711670481,0.004204380516508664,0.002646453089244851,0.003987741091860085,0.0035577639751552797,0.0024409937888198755,0.008490029421379537,0.007350114416475973,0.0020483164432821186,0.010355998692383132,0.004780745341614907,0.007624288983327886,0.0078034324942791765,0.00806786531546257,0.0038542007191892775,0.007603138280483819,0.005908859104282445,0.0073318077803203666
mRNALoc_18670#854070,0,0.010549428379287155,0.0064895763281775385,0.008835036987222596,0.006481170141223941,0.006359784801613987,0.005166778749159382,0.0046955615332885,0.006218728984532617,0.007381170141223942,0.0034357767316745124,0.004442232683254875,0.0041168796234028245,0.004925689307330195,0.006615669132481507,0.006060961667787491,0.008457296570275724,0.010123739071956961,0.004106926698049765,0.004466509751176866,0.0058217888365837255,0.006226630800268998,0.004055144586415602,0.00293039677202421,0.005400134498991258,0.0032067249495628786,0.0037509078681909887,0.0021837256220578346,0.004681909885675858,0.006483355749831876,0.005535137861466039,0.00526714862138534,0.00809011432414257,0.007157498318762609,0.004466509751176866,0.0039593813046402155,0.006060961667787491,0.005039139206455952,0.0037509078681909887,0.002282985877605918,0.00561829186281103,0.004345662407531943,0.004168930733019503,0.002276529926025555,0.0036664088769334234,0.003659448554135844,0.00362848016139879,0.003963685272360458,0.007246536650975119,0.004796065904505716,0.007409549428379287,0.0021727975790181574,0.007532279757901816,0.006880295897780767,0.005535137861466039,0.003862575655682583,0.00809011432414257,0.006747108271687962,0.005033053127101547,0.00554915938130464,0.006077740416946874,0.006607262945527909,0.008629455279085407,0.008415332885003363,0.012120040349697377
mRNALoc_18392#850829,0,0.015600811907983762,0.005615020297699594,0.010576589986468201,0.0088680649526387,0.006006765899864682,0.004265223274695535,0.0034566982408660357,0.0037273342354533154,0.010126522327469554,0.0038023680649526387,0.005538024357239513,0.005752706359945873,0.006911874154262516,0.007188430311231394,0.008398951285520975,0.009439445196211097,0.007312584573748309,0.003998646820027064,0.0042632611637347766,0.006256596752368066,0.00439851150202977,0.0014959404600811909,0.0023585926928281465,0.003938937753721245,0.0038023680649526387,0.0020048037889039243,0.0014979702300405957,0.0038860960757780786,0.004126691474966171,0.002580683355886333,0.0047104194857916105,0.005561907983761841,0.011026657645466849,0.003341474966170501,0.00573234100135318,0.00862905953991881,0.004608930987821381,0.0031841001353179977,0.002396752368064953,0.003415054127198918,0.006218132611637349,0.0024966170500676592,0.0018813937753721244,0.0051841677943166445,0.004947327469553451,0.0038860960757780786,0.0044862990527740195,0.0062323410013531795,0.006781461434370772,0.004526048714479026,0.004602165087956698,0.007976995940460082,0.00678907307171854,0.0031239851150202977,0.0028262516914749664,0.006104533152909338,0.008514005412719891,0.0052992219215155624,0.006878991880920163,0.004586062246278755,0.00784404600811908,0.005019282814614344,0.008113802435723952,0.010838971583220568
mRNALoc_18523#852366,0,0.01096961420279959,0.007775349948787982,0.007608125640150222,0.009871116421987028,0.006325708432912257,0.005918743598497781,0.003488562649368385,0.007523386821440765,0.006245476271765108,0.003604848071013998,0.004510481392966883,0.005109047456469785,0.008686582451348583,0.006717309662000683,0.007082997610105839,0.012344144759303517,0.009224991464663709,0.0037664731990440423,0.004651416865824514,0.007657733014680779,0.005784226698531922,0.0019214749061113008,0.0020232843974052578,0.003701092523045408,0.003604848071013998,0.0016662342096278595,0.001511778764083305,0.0019015363605326052,0.006448617275520656,0.004386480027313076,0.003921918743598498,0.008625128030044385,0.008403004438374873,0.0033722772277227724,0.003922157733014681,0.006270194605667464,0.004186275179242063,0.0014282007511095937,0.000604711505633322,0.0048726869238648,0.005491020826220553,0.002318060771594401,0.0019812905428473883,0.003119050870604302,0.004876818026630249,0.0029711505633321952,0.0024147490611130078,0.005340389211334927,0.007633663366336634,0.008329463980880848,0.0033673267326732675,0.01100238989416183,0.009135541140320929,0.004249402526459543,0.00273345851826562,0.0071191532946398095,0.006386309320587231,0.003208842608398771,0.004930112666439058,0.005340389211334927,0.01006316148856265,0.009172755206555139,0.0068831683168316836,0.01763895527483783
mRNALoc_18656#853801,0,0.014558459422283357,0.006902338376891334,0.011437414030261347,0.010737792297111417,0.0062386519944979376,0.003387207702888583,0.0029281292984869325,0.005818603851444292,0.010293672627235214,0.004450756533700138,0.004345529573590096,0.004444222833562586,0.007556224209078405,0.007171767537826685,0.009473211829436038,0.01135213204951857,0.012477303988995875,0.0037936726272352135,0.0035137551581843193,0.006765818431911967,0.00609697386519945,0.002626547455295736,0.0013186382393397525,0.003865887207702889,0.0029281292984869325,0.0022776478679504817,0.0013196698762035764,0.003112310866574966,0.005412654745529573,0.0031755502063273732,0.0049078748280605225,0.004688445667125172,0.010293672627235214,0.0031623796423658874,0.004345529573590096,0.009941024759284732,0.0050363823933975245,0.002996905089408528,0.001725722145804677,0.003232015130674003,0.004641815680880331,0.0020302613480055022,0.002411348005502063,0.0030402338376891336,0.00385945667125172,0.00335171939477304,0.0030402338376891336,0.005737551581843191,0.006628266850068776,0.004465440165061898,0.004210316368638239,0.00783837689133425,0.009066196698762036,0.004694291609353508,0.003591127922971114,0.005515818431911967,0.009824071526822558,0.0041896492434663,0.004053645116918844,0.005378954607977992,0.006351788170563962,0.009238995873452546,0.006215680880330124,0.009778370013755158
mRNALoc_18446#851527,0,0.01716990291262136,0.010038141470180305,0.006688904299583912,0.016307558945908462,0.009636615811373093,0.0038252427184466017,0.0040153952843273236,0.006139909847434119,0.006458252427184466,0.0040153952843273236,0.0029875173370319005,0.004599133148404993,0.014703536754507628,0.005457697642163662,0.00589632454923717,0.012673023578363385,0.01084119278779473,0.0036886269070735087,0.004605894590846047,0.00791366158113731,0.005601248266296811,0.002369625520110957,0.0015713592233009709,0.004037274618585299,0.004133495145631068,0.001329611650485437,0.001535367545076283,0.0021726074895977807,0.005457697642163662,0.0034804091539528434,0.003741712898751734,0.006535020804438281,0.008534119278779473,0.003779195561719834,0.003087101248266297,0.006603883495145631,0.004369694868238558,0.0030218446601941746,0.001433009708737864,0.003258911234396671,0.00388377253814147,0.0021495145631067964,0.002179889042995839,0.003167718446601942,0.003537794729542303,0.0026554091539528436,0.0027589805825242717,0.004218446601941748,0.013500520110957004,0.006139909847434119,0.003655721220527046,0.007631067961165048,0.007504334257975034,0.004176490984743412,0.0021726074895977807,0.005839805825242719,0.007429368932038835,0.004465915395284328,0.004700485436893204,0.0031337031900138695,0.007222260748959778,0.008064493758668518,0.00771373092926491,0.012220527045769765
mRNALoc_18849#856668,0,0.013965841756709655,0.011839665388637156,0.007535378180550715,0.013839839665388636,0.010225165562913908,0.00604252352736145,0.00344280237016382,0.0071321017776228655,0.006144231439525968,0.004392540955036599,0.002702823283373998,0.0046231788079470195,0.007121470895782502,0.00822934820494946,0.006519867549668874,0.011095503659811781,0.015472289996514465,0.006454513767863367,0.004867410247472987,0.007406413384454514,0.009750435691878704,0.0032227256883931685,0.0019440920181247822,0.0047581038689438835,0.004748692924363891,0.0026731265249215755,0.0020578598814918092,0.0009706517950505403,0.006446322760543743,0.006857267340536773,0.003882607180202161,0.006149878006273963,0.009738027187173232,0.0030866504008365287,0.0031032415475775533,0.005452980132450332,0.005342279539909377,0.0027946322760543747,0.001852073893342628,0.004003938654583479,0.004104287208086441,0.0016462879051934473,0.0005899616591146741,0.0024652492157546183,0.0018966887417218544,0.0042466016033461135,0.0022598117811084,0.0036347159288950856,0.007658940397350994,0.005486232136632974,0.002252317880794702,0.006164168699895434,0.008915127222028581,0.007556988497734402,0.0032759498082955735,0.007407807598466365,0.006401324503311258,0.005338584872777972,0.0034924363889857098,0.003877030324154758,0.006164168699895434,0.007687347507842454,0.00666364586964099,0.008654932032066923
mRNALoc_18551#852709,0,0.016307962118554894,0.008665029814100316,0.007116310066643284,0.011493335671694142,0.005957207997193967,0.00456050508593476,0.002747737635917222,0.008695370045598037,0.0075829533497018585,0.0029866713433882846,0.0031228340933005965,0.004175201683619782,0.006084707120308663,0.007729217818309366,0.008231111890564715,0.010338477727113294,0.008935811995790952,0.003731322343037531,0.0034645387583304103,0.006210978603998597,0.005804279200280604,0.0015510347246580148,0.0026900035075412138,0.0038023500526131186,0.0034645387583304103,0.0013450017537706069,0.0010354261662574536,0.0035408277797264118,0.0052448263767099264,0.004506488951245177,0.005860680462995441,0.007173272535952298,0.00933286566117152,0.004181339880743599,0.0030220975096457384,0.0063224482637671,0.0029866713433882846,0.00305682216766047,0.001138968782883199,0.0030524377411434585,0.0024176780077165907,0.001760224482637671,0.0012721851981760787,0.005788565415643635,0.005725990880392845,0.003785022799017889,0.0035144861452122067,0.007193405822518414,0.008653805682216766,0.005106804629954402,0.004294493160294633,0.008408628551385479,0.007729217818309366,0.004647316730971589,0.0028082427218519817,0.007595229743949492,0.009662609610662926,0.0040292178183093654,0.005788565415643635,0.006339950894423009,0.009235706769554543,0.006610662925289373,0.00865647141353911,0.013766748509294985
mRNALoc_18810#856071,0,0.009576354679802956,0.004210415200562984,0.007958057705840958,0.006510907811400422,0.003395496129486277,0.004297677691766362,0.002636593947923997,0.006230647431386348,0.007841027445460943,0.0027564391273750878,0.004244334975369458,0.0035900774102744547,0.0035267417311752288,0.00553835327234342,0.007658831808585504,0.010786066150598171,0.0061118930330753,0.003188599577762139,0.0038350457424349053,0.005122976776917664,0.006377199155524278,0.0035362420830401128,0.0034344827586206897,0.004944581280788178,0.0022770584095707248,0.00294384236453202,0.0022851513019000705,0.0033070724841660804,0.005953729767769177,0.002684201266713582,0.008818859957776214,0.007195988740323717,0.009011330049261084,0.0037152005629838146,0.0033348346235045744,0.006940816326530612,0.0038350457424349053,0.0051517241379310345,0.0005193525686136524,0.006981597466572836,0.0033348346235045744,0.0035315974665728364,0.0019568613652357495,0.007466009852216749,0.0037097466572836037,0.005021850809289233,0.00456256157635468,0.00966235045742435,0.00339109781843772,0.005261435608726249,0.0035900774102744547,0.008850105559465166,0.004707600281491907,0.00508585503166784,0.004531914144968332,0.006772695285010556,0.00957353976073188,0.006736629134412387,0.007777093596059114,0.008072343420126672,0.007882125263898664,0.007760380014074596,0.01174159042927516,0.013246657283603098
mRNALoc_18570#852980,0,0.020588821644713422,0.008519757920968317,0.009235599857600571,0.012214133143467427,0.009069419722321111,0.003506585973656106,0.0024250622997508014,0.007564613741545034,0.007933143467426131,0.0033950872196511217,0.003169526521893913,0.005932680669277323,0.006587397650409399,0.006443930224279104,0.005206229975080101,0.014830188679245283,0.012229975080099681,0.004768956924172304,0.0043651121395514424,0.005883588465646138,0.004348166607333571,0.0027191171235315063,0.002357920968316127,0.0041450694197223215,0.003637593449626202,0.0014892132431470276,0.0011559985760056961,0.0016110003559985761,0.006724101103595587,0.0037162691349234608,0.003345923816304735,0.008279814880740479,0.010656461374154503,0.0027888216447134215,0.002760555357778569,0.006174830900676397,0.0037588465646137418,0.002606123175507298,0.0012610893556425776,0.002354538981844073,0.003169526521893913,0.0012610893556425776,0.0005164827340690637,0.0026228195087219654,0.002905802776788893,0.0027263082947668214,0.0016786044855820578,0.006558490566037736,0.00686187255250979,0.006443930224279104,0.004116553933784265,0.008394446422214312,0.01022623709505162,0.00471680313278747,0.0018588465646137418,0.008137059451762194,0.007748807404770382,0.0038416162335350662,0.002727732289070844,0.0034648629405482382,0.009793520825916698,0.011991456034175865,0.007795941616233535,0.017537023851904594
mRNALoc_18358#850403,0,0.014055595667870036,0.006967509025270758,0.008405054151624548,0.010994404332129963,0.00863971119133574,0.00384043321299639,0.002828086642599278,0.00568231046931408,0.007684620938628158,0.004426570397111914,0.0034215162454873647,0.004174512635379061,0.0059842960288808665,0.005540252707581228,0.006630108303249098,0.013762093862815884,0.00808231046931408,0.004978339350180505,0.005287292418772563,0.007244945848375452,0.00384043321299639,0.0018866425992779784,0.0015101805054151625,0.0056528880866426,0.003074007220216607,0.0018877256317689532,0.0010657039711191338,0.00226202166064982,0.005966425992779784,0.004783212996389892,0.004147039711191336,0.008975451263537906,0.009605776173285199,0.003688808664259928,0.00228101083032491,0.0050339711191335745,0.005533212996389892,0.0026428158844765347,0.0010657039711191338,0.004649711191335741,0.002488375451263538,0.0027708303249097473,0.0022696028880866428,0.0050003249097472936,0.0049111913357400725,0.0030160288808664263,0.003191696750902527,0.006274368231046931,0.008628519855595668,0.005256137184115524,0.003928953068592058,0.008654512635379061,0.007529061371841156,0.004348375451263538,0.002890361010830325,0.007817328519855596,0.007366787003610108,0.00452404332129964,0.005745054151624549,0.005646931407942238,0.0095057761732852,0.009264981949458484,0.009788014440433214,0.013157220216606499
mRNALoc_18859#856745,0,0.01323682310469314,0.007524909747292419,0.007084259927797834,0.010020216606498196,0.009615162454873646,0.005405054151624549,0.002705126353790614,0.007102888086642599,0.008044837545126355,0.003442888086642599,0.0033178339350180505,0.005279530685920578,0.0068193140794223835,0.007529061371841156,0.007612346570397112,0.010073285198555958,0.009057761732851987,0.006258483754512636,0.006270974729241878,0.007955234657039711,0.007254151624548738,0.0018866425992779784,0.002013574007220217,0.004058483754512635,0.003688808664259928,0.00213942238267148,0.0019182671480144407,0.002639025270758123,0.004829963898916967,0.0042034296028880865,0.006157725631768954,0.00608014440433213,0.008284981949458484,0.005410252707581228,0.002695740072202166,0.007857906137184116,0.00405768953068592,0.002516967509025271,0.002451119133574007,0.004147039711191336,0.0031104693140794224,0.003197111913357401,0.0017458483754512638,0.004255595667870036,0.004297292418772563,0.0037700361010830326,0.0030853068592057763,0.006148880866425994,0.007236823104693141,0.005256137184115524,0.004174512635379061,0.0059588447653429605,0.008949638989169676,0.005362996389891697,0.003141696750902527,0.00622490974729242,0.009331263537906137,0.0042727075812274366,0.005319494584837546,0.004894007220216607,0.006668231046931409,0.008106859205776173,0.00740375451263538,0.010265523465703972
mRNALoc_18563#852876,0,0.00850671506352087,0.005464246823956443,0.009295898366606171,0.006016878402903812,0.004763702359346643,0.0038613430127041742,0.0037088929219600726,0.007998548094373866,0.007485009074410163,0.002596225045372051,0.003127404718693285,0.0025924137931034484,0.0026586206896551724,0.00671306715063521,0.0059255172413793114,0.009700181488203268,0.0070054446460980045,0.0028602540834845734,0.0032143738656987297,0.004856261343012705,0.0077226860254083485,0.0014591651542649729,0.002404137931034483,0.0023317604355716877,0.004203411978221416,0.0016449364791288569,0.0022501633393829405,0.002400689655172414,0.006998729582577134,0.003206170598911071,0.009855462794918331,0.009606533575317605,0.010140980036297641,0.0050688203266787656,0.0014594555353901997,0.0059255172413793114,0.0013599274047186932,0.0026572050816696916,0.00021430127041742288,0.009350054446460981,0.001980689655172414,0.002035862068965517,0.0013165154264972777,0.009627223230490018,0.002715862068965517,0.006570308529945554,0.004171796733212342,0.010976842105263158,0.0036381125226860257,0.00671306715063521,0.0020986206896551726,0.007988384754990925,0.004427767695099819,0.00597513611615245,0.0045486751361161525,0.010043194192377496,0.008888275862068966,0.006949364791288566,0.008236624319419237,0.008831941923774955,0.007988384754990925,0.008150998185117967,0.013752595281306715,0.012211252268602542
mRNALoc_18732#854764,0,0.006423346878463244,0.005133357960842261,0.006880531954192833,0.006408385666789805,0.00712966383450314,0.0049486516438862205,0.003774658293313632,0.005814554857776136,0.008109198374584412,0.0033971924639822687,0.002970668636867381,0.005276763945326931,0.005269117103804951,0.004651643886220909,0.006030587366087921,0.010598079054303657,0.00912596970816402,0.005530845954931658,0.004781233838197266,0.005378463243442926,0.005821943110454378,0.0034155892131510902,0.003863317325452531,0.004449575175471001,0.0035230144070927225,0.004120871813816033,0.002399113409678611,0.0041149612116734395,0.0043609161433321025,0.004597894347986701,0.006043849279645364,0.008147395640930921,0.006143332101957887,0.005284521610639084,0.00466819357222017,0.006156224602881419,0.004529589951976358,0.003863317325452531,0.002290062800147765,0.005786664203915775,0.0044560029553010715,0.002399113409678611,0.0022330993719985224,0.005116697451052826,0.0033922053934244555,0.00462933136313262,0.004245770225341707,0.009116956039896564,0.0032753971185814556,0.005523827114887329,0.0031409309198374585,0.008420391577391948,0.007413557443664574,0.005339490210565202,0.004243553749538235,0.007110454377539713,0.006281861839674917,0.006558219431104545,0.006640820096047285,0.006677207240487626,0.007258958256372368,0.010221278167713337,0.010272626523827115,0.01316752862947913
mRNALoc_18589#853153,0,0.021563279183981866,0.009624480544012088,0.009172572723838307,0.012379108424631658,0.008457876841707594,0.005656214582546279,0.0036028711749149984,0.005946354363430299,0.007287797506611258,0.004117567057045712,0.003797506611258028,0.00398303740083113,0.010485833018511522,0.006838307517944843,0.007580619569323763,0.00905666792595391,0.0103536078579524,0.004018889308651304,0.0038602191159803553,0.005351718927087268,0.004763128069512656,0.003493010955799018,0.002370532678503967,0.00530884019644881,0.004760936909709104,0.002107140158670193,0.002230449565545901,0.00197261050245561,0.006986966377030601,0.005460521344918776,0.00394522100491122,0.006817151492255384,0.010806044578768418,0.003988893086513034,0.0030380052890064224,0.006681224027200605,0.003088175292784284,0.002370532678503967,0.0024534945221004914,0.004734265205893464,0.00499100868908198,0.0030111069134869666,0.0021010200226671705,0.0024493388741972048,0.003726067245938799,0.0026301473366074804,0.0031173403853418965,0.0024950510011333585,0.009757650170003778,0.005946354363430299,0.0033406120136003025,0.009502077823951644,0.007432942954287873,0.004398753305629014,0.0026301473366074804,0.00712013600302229,0.0071951643369852665,0.0032876841707593506,0.004453343407631281,0.0036769172648281074,0.007275028333962977,0.006665659236871931,0.0042021911598035516,0.010288628636191916
mRNALoc_18691#854386,0,0.01987216338880484,0.007007564296520424,0.010315128593040847,0.012830559757942511,0.006569591527987897,0.0038744326777609686,0.0027052193645990923,0.0061019288956127085,0.009057186081694403,0.004895158850226929,0.004236308623298033,0.00463071104387292,0.0077274962178517405,0.007441376701966718,0.00733195915279879,0.012039712556732226,0.010803328290468987,0.0032783661119515886,0.0041222390317700456,0.005506618759455371,0.004917549167927383,0.0009122541603630863,0.0018458396369137671,0.003948184568835099,0.0030916792738275344,0.0009229198184568836,0.0017863842662632376,0.0022381618759455373,0.007441376701966718,0.003340771558245083,0.0043446671709531015,0.0062182299546142215,0.010063540090771558,0.0034781391830559756,0.004127685325264751,0.0077178517397882,0.004379878971255673,0.002109531013615734,0.0014514372163388807,0.005134606656580938,0.00521391830559758,0.003126172465960666,0.001097428139183056,0.0031208774583963692,0.0032157715582450835,0.002764788199697428,0.0026750378214826023,0.0056531013615733735,0.009331316187594554,0.005357791225416036,0.00424481845688351,0.008175113464447806,0.007887859304084721,0.004707450832072618,0.0021065052950075647,0.0060665658093797285,0.007975113464447807,0.00381804084720121,0.005461535552193647,0.00420695915279879,0.008918305597579425,0.00712821482602118,0.007625113464447807,0.01105767776096823
mRNALoc_18581#853061,0,0.01318941717791411,0.008140337423312884,0.006376533742331289,0.012564225460122699,0.007696319018404908,0.003172546012269939,0.003134355828220859,0.006337039877300614,0.006121472392638038,0.002350766871165644,0.0029733128834355826,0.004173006134969326,0.007242906441717791,0.005431748466257669,0.006650728527607363,0.01838420245398773,0.010212423312883436,0.0036257668711656447,0.0032649539877300615,0.0055826303680981595,0.004683282208588957,0.0009248466257668713,0.000801993865030675,0.002155291411042945,0.0032649539877300615,0.0014703220858895707,0.0005659509202453988,0.0029364263803680984,0.004828220858895706,0.0032329371165644174,0.00427116564417178,0.0075341257668711656,0.008672085889570552,0.0032649539877300615,0.0028631901840490796,0.007172354294478528,0.002742561349693252,0.0013366564417177916,0.0014714723926380368,0.003203374233128835,0.0035239263803680983,0.0016978527607361964,0.0015761503067484664,0.005988918711656442,0.004694631901840491,0.003870743865030675,0.0027119631901840495,0.0071972392638036805,0.007834164110429448,0.005280866564417178,0.003129754601226994,0.01205521472392638,0.007694976993865032,0.00307898773006135,0.002669478527607362,0.008302914110429448,0.009128450920245399,0.003203374233128835,0.0076838957055214725,0.004798159509202454,0.011301763803680982,0.00907170245398773,0.012128680981595093,0.020577837423312886
