SampleName,label,AA.x,AA.y,AA.z,AC.x,AC.y,AC.z,AG.x,AG.y,AG.z,AT.x,AT.y,AT.z,CA.x,CA.y,CA.z,CC.x,CC.y,CC.z,CG.x,CG.y,CG.z,CT.x,CT.y,CT.z,GA.x,GA.y,GA.z,GC.x,GC.y,GC.z,GG.x,GG.y,GG.z,GT.x,GT.y,GT.z,TA.x,TA.y,TA.z,TC.x,TC.y,TC.z,TG.x,TG.y,TG.z,TT.x,TT.y,TT.z
mRNALoc_18600#853213,0,0.017748296880602366,0.0030476873431337396,0.0095016134815346,-0.0016134815346002152,-0.005557547508067408,0.008067407673001075,0.004302617425600574,0.004302617425600574,0.008246683399067766,0.001254930082466834,-0.012011473646468268,0.004123341699533883,0.011652922194334886,0.0016134815346002152,-0.001254930082466834,0.008963786303334529,0.006453926138400861,0.010756543564001434,0.00932233775546791,0.005019720329867336,0.011832197920401577,0.005736823234134099,-0.010397992111868053,0.005019720329867336,0.010577267837934744,0.0026891358910003586,0.014879885263535318,0.006095374686267479,-0.0014342058085335247,0.013624955181068482,0.007888131946934385,0.012190749372534958,0.008605234851201148,0.0023305844388669776,-0.004840444603800645,0.0051989960559340265,-0.010218716385801362,0.004123341699533883,-0.0026891358910003586,0.0014342058085335247,0.002509860164933668,0.00968088920760129,0.0051989960559340265,0.0059160989602007885,-0.0016134815346002152,-0.002151308712800287,-0.021154535675869487,-0.0010756543564001434
mRNALoc_205#101165733,0,0.01792397084892653,0.01910577112467993,0.021863305101437858,0.007090801654520386,0.01654520386054757,0.025605672641323615,0.0005909001378766989,0.006499901516643687,0.001378766988378964,-0.004924167815639157,-0.01162103604490841,0.010833169194406146,0.013393736458538507,0.002757533976757928,0.005515067953515856,-0.004530234390388024,0.015560370297419737,0.015954303722670867,-0.0017727004136300964,0.0017727004136300964,-0.0009848335631278313,-0.00039393342525113255,-0.011424069332282844,-0.01063620248178058,0.005121134528264723,0.0015757337010045302,0.003545400827260193,-0.006696868229269254,0.01378766988378964,0.012605869608036242,0.0023636005515067955,0.007090801654520386,0.005515067953515856,0.00039393342525113255,-0.011030135907031712,0.002757533976757928,0.0011818002757533978,0.003545400827260193,0.017727004136300965,-0.005712034666141422,0.015954303722670867,0.021469371676186726,-0.004333267677762458,0.0019696671262556626,0.009848335631278314,-0.025014772503446917,-0.02383297222769352,0.04077210951349222
mRNALoc_916#10940,0,0.03698255936121034,0.013027947047699096,0.01849127968060517,-0.005883588989283463,0.004202563563773902,0.010926665265812145,0.017230510611472998,0.010086152553057365,0.0029417944946417314,0.0029417944946417314,-0.010506408909434755,-0.004622819920151292,0.014708972473208657,-0.013448203404076486,-0.005043076276528682,-0.0035721790292078167,0.012817818869510401,0.022903971422567768,0.002521538138264341,-0.0008405127127547804,-0.0012607690691321706,0.0031519226728304265,-0.019962176927926036,-0.016179869720529524,0.02059256146249212,-0.0016810254255095608,0.008825383483925194,-0.014919100651397352,0.008194998949359109,0.012397562513133011,0.00903551166211389,0.012817818869510401,-0.0010506408909434755,0.002521538138264341,-0.008405127127547804,-0.010506408909434755,0.0029417944946417314,0.0016810254255095608,0.007984870771170414,-0.015969741542340828,0.008825383483925194,0.017230510611472998,0.0010506408909434755,-0.003992435385585207,0.0027316663164530363,-0.008825383483925194,-0.010506408909434755,0.004622819920151292
mRNALoc_18457#851608,0,0.01588271227855834,-0.00916310323762981,0.014660965180207697,0.0009163103237629811,0.003970678069639585,0.012522907758094075,0.012217470983506415,0.0018326206475259622,0.012217470983506415,-0.010995723885155772,-0.02565668906536347,0.005497861942577886,0.009773976786805132,0.002443494196701283,0.012217470983506415,0.0030543677458766036,0.004276114844227245,0.009773976786805132,0.00030543677458766036,0.002748930971288943,0.006414172266340868,0.0015271838729383018,-0.0021380574221136223,-0.0009163103237629811,0.0006108735491753207,0.00794135613927917,0.02565668906536347,-0.0030543677458766036,-0.0006108735491753207,0.010995723885155772,-0.006108735491753207,-0.00855222968845449,0.01588271227855834,-0.003359804520464264,-0.010079413561392792,0.0015271838729383018,-0.010079413561392792,-0.003970678069639585,0.014355528405620037,0.00030543677458766036,0.0076359193646915085,0.021686010995723884,0.01832620647525962,-0.0006108735491753207,0.006719609040928528,-0.004886988393402566,-0.02443494196701283,0.0018326206475259622
mRNALoc_18830#856492,0,0.015615962984384037,-0.009832272990167727,-0.002891844997108155,-0.006940427993059572,-0.006940427993059572,0.013880855986119144,0.008097165991902834,0.01156737998843262,0.010410641989589358,-0.019086176980913822,-0.03759398496240601,0.006362058993637941,0.006940427993059572,0.004626951995373048,0.019664545980335454,0.0167727009832273,0.012145748987854251,0.02371312897628687,-0.001735106998264893,-0.005205320994794679,0.001735106998264893,0.005205320994794679,-0.012145748987854251,0.013302486986697512,0.004048582995951417,0.004048582995951417,0.02834008097165992,-0.019086176980913822,-0.007518796992481203,0.014459224985540775,-0.022556390977443608,-0.03759398496240601,0.024869866975130134,-0.02371312897628687,-0.013302486986697512,0.026026604973973393,-0.02313475997686524,-0.001156737998843262,0.010410641989589358,-0.017929438982070563,-0.006362058993637941,0.013302486986697512,0.012724117987275883,-0.01850780798149219,0.008097165991902834,-0.013302486986697512,-0.026026604973973393,0.001735106998264893
mRNALoc_18766#855380,0,0.037587412587412584,-0.0026223776223776225,0.020104895104895104,-0.01048951048951049,0.0017482517482517483,0.012237762237762238,0.0008741258741258741,0.01486013986013986,0.01486013986013986,-0.0008741258741258741,-0.030594405594405596,-0.0008741258741258741,0.007867132867132868,0.009615384615384616,0.020104895104895104,-0.0034965034965034965,0.0,0.019230769230769232,-0.0026223776223776225,-0.0026223776223776225,0.009615384615384616,-0.011363636363636364,-0.025349650349650348,0.01486013986013986,0.028846153846153848,0.01486013986013986,0.032342657342657344,0.004370629370629371,0.0008741258741258741,0.007867132867132868,0.011363636363636364,0.004370629370629371,0.018356643356643356,-0.017482517482517484,-0.019230769230769232,0.012237762237762238,-0.019230769230769232,-0.0034965034965034965,0.015734265734265736,-0.017482517482517484,-0.0034965034965034965,0.013986013986013986,0.012237762237762238,-0.008741258741258742,0.005244755244755245,-0.021853146853146852,-0.01486013986013986,0.025349650349650348
mRNALoc_18747#854969,0,0.0017087526105942661,0.017277387507119803,0.03132713119422821,-0.0013290298082399847,0.01689766470476552,0.02221378393772546,0.013290298082399848,0.009872792861211316,0.020884754129485476,-0.0020884754129485475,0.010062654262388457,0.003607366622365673,0.005885703436491361,0.01348015948357699,0.021074615530662616,0.0037972280235428137,0.006075564837668502,0.01974558572242263,0.003607366622365673,0.004746535029428517,0.010442377064742738,0.0009493070058857034,0.0020884754129485475,0.004746535029428517,0.0015188912094171254,0.012151129675337003,0.018226694513005504,0.0032276438200113918,0.00550598063413708,0.016138219100056958,-0.004366812227074236,0.0028479210176571104,0.008164040250617049,0.0015188912094171254,0.004176950825897095,0.00835390165179419,-0.01651794190241124,0.011961268274159864,0.014999050692994115,0.004366812227074236,0.020694892728308333,0.014999050692994115,0.01594835769887982,0.012530852477691286,0.010632238465919878,-0.0032276438200113918,0.01082209986709702,0.005885703436491361
mRNALoc_18373#850659,0,0.019358407079646017,-0.00165929203539823,0.00165929203539823,-0.010508849557522125,-0.00497787610619469,0.012721238938053098,0.003595132743362832,0.003595132743362832,0.004701327433628319,0.0019358407079646017,-0.011891592920353982,-0.0019358407079646017,0.010508849557522125,0.0027654867256637168,-0.00663716814159292,0.0146570796460177,0.0146570796460177,0.015210176991150442,0.007466814159292036,0.0019358407079646017,0.011891592920353982,0.017699115044247787,-0.00165929203539823,0.00497787610619469,0.013827433628318585,0.006084070796460177,0.007743362831858407,0.0055309734513274336,0.0,0.018805309734513276,0.009402654867256638,0.01327433628318584,0.00497787610619469,0.004148230088495576,-0.0019358407079646017,0.006913716814159292,-0.010785398230088495,0.008573008849557522,-0.009126106194690266,0.002488938053097345,0.0002765486725663717,0.010232300884955753,0.0055309734513274336,0.009402654867256638,-0.007190265486725664,0.0002765486725663717,-0.01963495575221239,-0.0030420353982300885
mRNALoc_18504#852161,0,0.027972027972027972,0.005994005994005994,0.00999000999000999,0.011488511488511488,-0.005494505494505495,0.0014985014985014985,0.0014985014985014985,0.0004995004995004995,0.005494505494505495,0.000999000999000999,-0.004995004995004995,0.001998001998001998,0.008991008991008992,0.006993006993006993,0.0,-0.005994005994005994,0.002997002997002997,0.002997002997002997,0.013486513486513486,-0.0004995004995004995,0.013486513486513486,-0.0034965034965034965,-0.00949050949050949,0.00949050949050949,0.012487512487512488,0.006493506493506494,0.01848151848151848,0.006493506493506494,0.0004995004995004995,0.008491508491508492,-0.0004995004995004995,0.012487512487512488,0.004495504495504496,-0.006993006993006993,-0.005994005994005994,0.008991008991008992,-0.008991008991008992,0.008991008991008992,-0.001998001998001998,0.001998001998001998,0.000999000999000999,0.016983016983016984,0.013486513486513486,0.0014985014985014985,0.005494505494505495,-0.005994005994005994,-0.03396603396603397,-0.004995004995004995
mRNALoc_18815#856279,0,0.007498660953401178,-0.004284949116229245,0.0032137118371719335,-0.003749330476700589,-0.0016068559185859668,0.009105516871987145,0.010176754151044456,0.0058918050348152114,0.01339046598821639,-0.011783610069630423,-0.00856989823245849,0.0010712372790573112,0.008034279592929834,-0.0058918050348152114,0.01339046598821639,-0.004284949116229245,-0.0010712372790573112,0.011783610069630423,-0.005356186395286556,-0.004284949116229245,0.0010712372790573112,0.0005356186395286556,-0.017675415104445636,0.016604177825388325,0.003749330476700589,0.006963042313872523,0.026245313336904125,-0.01713979646491698,-0.011783610069630423,0.014997321906802356,-0.013926084627745045,-0.020353508302088912,0.01713979646491698,-0.012854847348687734,-0.022495982860203535,0.00856989823245849,-0.013926084627745045,-0.00856989823245849,0.0032137118371719335,-0.027316550615961437,0.0005356186395286556,0.006963042313872523,0.004284949116229245,-0.0096411355115158,0.0,-0.0048205677557579,-0.01981788966256026,0.0058918050348152114
mRNALoc_18831#856494,0,-0.0029222676797194622,-0.005260081823495032,0.0005844535359438924,-0.015780245470485097,-0.007597895967270602,0.005260081823495032,0.004091174751607247,-0.0029222676797194622,0.008766803039158387,-0.012273524254821741,-0.025131502045587374,-0.007597895967270602,0.0058445353594389245,0.0023378141437755697,0.024547048509643482,0.015780245470485097,0.02162478082992402,0.01928696668614845,-0.0029222676797194622,-0.005260081823495032,0.0029222676797194622,0.011104617182933957,-0.009935710111046173,0.0005844535359438924,0.008182349503214495,0.0035067212156633548,0.019871420222092345,-0.018702513150204558,0.0035067212156633548,0.0035067212156633548,-0.026300409117475162,-0.02863822326125073,0.022793687901811806,-0.014611338398597311,-0.015780245470485097,0.02162478082992402,-0.02396259497369959,0.0005844535359438924,0.008766803039158387,-0.006428988895382817,-0.007597895967270602,0.02162478082992402,0.009935710111046173,-0.02396259497369959,0.011104617182933957,-0.018118059614260665,-0.013442431326709527,0.012273524254821741
mRNALoc_18604#853236,0,0.0023501762632197414,0.007050528789659225,0.012925969447708578,-0.020564042303172738,-0.002937720329024677,0.0017626321974148062,0.010575793184488837,-0.0023501762632197414,-0.0011750881316098707,-0.004112808460634548,-0.0099882491186839,-0.0005875440658049354,0.006462984723854289,0.0005875440658049354,0.018213866039952998,0.0099882491186839,0.00881316098707403,0.02408930669800235,0.0017626321974148062,-0.005287896592244419,-0.004112808460634548,0.0023501762632197414,-0.012925969447708578,0.0011750881316098707,0.0011750881316098707,0.0011750881316098707,0.01410105757931845,-0.0035252643948296123,0.007050528789659225,0.010575793184488837,-0.009400705052878966,-0.004700352526439483,0.01410105757931845,-0.00881316098707403,-0.006462984723854289,-0.0005875440658049354,-0.018213866039952998,0.012338425381903642,-0.0017626321974148062,-0.002937720329024677,0.0005875440658049354,0.020564042303172738,0.004700352526439483,-0.012925969447708578,0.007050528789659225,-0.012925969447708578,-0.01410105757931845,0.004700352526439483
mRNALoc_18599#853212,0,0.037587412587412584,-0.0008741258741258741,0.016608391608391608,-0.012237762237762238,0.0,0.008741258741258742,0.0,0.015734265734265736,0.019230769230769232,-0.0026223776223776225,-0.030594405594405596,-0.007867132867132868,0.009615384615384616,0.009615384615384616,0.013111888111888112,-0.0026223776223776225,-0.0026223776223776225,0.011363636363636364,-0.0008741258741258741,-0.004370629370629371,0.009615384615384616,-0.013986013986013986,-0.019230769230769232,0.013986013986013986,0.027097902097902096,0.016608391608391608,0.032342657342657344,0.0026223776223776225,0.004370629370629371,0.01486013986013986,0.011363636363636364,0.011363636363636364,0.016608391608391608,-0.015734265734265736,-0.019230769230769232,0.01048951048951049,-0.016608391608391608,-0.0026223776223776225,0.013111888111888112,-0.013111888111888112,-0.0026223776223776225,0.01486013986013986,0.01486013986013986,-0.004370629370629371,0.0026223776223776225,-0.028846153846153848,-0.020104895104895104,0.03409090909090909
mRNALoc_18833#856499,0,0.012730348081545446,0.00560847502893261,0.026618000534140478,0.0012463277842072464,0.006053592094720912,0.014955933410486958,0.012285231015757144,0.012463277842072466,0.014065699278910354,-0.005163357963144307,-0.013709605626279712,0.018516869936793377,0.01121695005786522,0.006587732573666874,0.023324134247307043,0.0027597258078874746,0.003649959939464079,0.015579097302590581,0.001513398023680228,0.0018694916763108698,0.007745036944716461,-0.002047538502626191,-0.004718240897356005,0.0114840202973382,0.008368200836820083,0.009080388142081368,0.029377726342027954,-0.003649959939464079,0.0034719131131487582,0.010771832992076916,0.004985311136828986,0.006587732573666874,0.01121695005786522,-0.006231638921036233,-0.005163357963144307,0.011038903231549898,-0.011394996884180539,0.0048072643105136655,0.0195851508946853,0.0018694916763108698,0.010771832992076916,0.020030267960473604,0.010504762752603935,0.005697498442090269,0.008368200836820083,-0.008991364728923706,-0.006498709160509214,0.021454642570996173
mRNALoc_10172#4363,0,0.012039012496190186,0.0025906735751295338,-0.007772020725388601,-0.005790917403230723,0.012800975312404754,-0.0021334958854007926,0.007924413288631514,0.006400487656202377,-0.008229198415117342,-0.008076805851874428,-0.0019811033221578786,-0.018134715025906734,0.00853398354160317,-0.01706796708320634,-0.008838768668088998,-0.01462968607131972,0.006705272782688205,0.01097226455348979,-0.002285888448643706,-0.0016763181956720513,-0.005028954587016154,-0.00015239256324291374,-0.020877781164279182,-0.021792136543736667,0.011124657116732703,0.003505028954587016,-0.0028954587016153614,-0.020877781164279182,0.015696434014020117,0.0016763181956720513,0.009143553794574825,0.016153611703748856,-0.003962206644315757,-0.0010667479427003963,-0.010515086863761049,-0.019658640658335873,-0.007467235598902774,0.003505028954587016,-0.0010667479427003963,-0.010362694300518135,0.013105760438890583,0.010362694300518135,0.013105760438890583,-0.012800975312404754,-0.014324900944833891,-0.017982322462663822,-0.006705272782688205,-0.00731484303565986
mRNALoc_18566#852920,0,0.0035174111853675696,-0.005276116778051354,0.021807949349278932,-0.005100246218782975,-0.0005276116778051355,0.016707703130495955,0.018642279282448118,0.010552233556102708,0.013014421385860007,-0.013893774182201899,-0.02550123109391488,0.005451987337319733,0.01020049243756595,0.0038691523039043265,0.020049243756595145,0.002638058389025677,0.0047485051002462185,0.012486809708054871,-0.0028139289482940555,-0.0038691523039043265,0.006331340133661625,-0.0014069644741470278,-0.009145269081955681,0.005276116778051354,0.0005276116778051355,-0.0065072106929300036,0.022335561027084064,-0.002110446711220542,0.005627857896588111,0.008441786844882167,-0.007562434048540274,-0.01037636299683433,0.014597256419275414,-0.007034822370735139,-0.007386563489271896,0.01160745691171298,-0.02321491382342596,-0.0035174111853675696,0.015476609215617306,0.00017587055926837847,0.0114315863524446,0.015652479774885684,0.01266268026732325,-0.008793527963418923,0.0014069644741470278,-0.006331340133661625,-0.02638058389025677,0.021456208230742173
mRNALoc_18602#853231,0,0.017440758293838864,0.0015165876777251184,0.006824644549763033,-0.007582938388625593,-0.007962085308056872,0.009478672985781991,0.002085308056872038,-0.0017061611374407583,0.00890995260663507,0.0018957345971563982,-0.012890995260663507,-0.0003791469194312796,0.012890995260663507,0.004549763033175356,-0.0018957345971563982,0.011753554502369668,0.012511848341232227,0.015545023696682465,0.00928909952606635,0.004360189573459716,0.01042654028436019,0.012511848341232227,-0.0007582938388625592,0.006066350710900474,0.011374407582938388,0.006066350710900474,0.012890995260663507,0.005308056872037914,-0.0003791469194312796,0.014786729857819906,0.007203791469194313,0.011753554502369668,0.008720379146919432,0.006635071090047393,-0.002843601895734597,0.007014218009478673,-0.012132701421800948,0.008720379146919432,-0.007962085308056872,0.0017061611374407583,0.004360189573459716,0.008151658767772511,0.0049289099526066355,0.006824644549763033,-0.002654028436018957,-0.0036018957345971565,-0.01876777251184834,-0.0017061611374407583
mRNALoc_18436#851415,0,0.012692307692307692,0.007692307692307693,0.009615384615384616,0.0034615384615384616,0.012692307692307692,0.011538461538461539,0.009423076923076923,0.010576923076923078,0.015192307692307692,-0.0055769230769230765,-0.01942307692307692,0.0021153846153846153,0.009230769230769232,0.008076923076923077,0.019230769230769232,0.006923076923076923,0.013846153846153847,0.019230769230769232,-0.006730769230769231,-0.011346153846153846,0.013653846153846154,-0.004615384615384616,-0.002307692307692308,-0.0007692307692307692,0.0075,0.000576923076923077,0.022884615384615385,-0.006346153846153846,0.003269230769230769,0.007115384615384615,-0.011346153846153846,-0.01173076923076923,0.020576923076923076,-0.009807692307692307,-0.010961538461538462,0.00826923076923077,-0.013461538461538462,0.002307692307692308,0.012307692307692308,-0.0007692307692307692,0.010769230769230769,0.008846153846153846,0.018846153846153846,-0.002692307692307692,0.008461538461538461,-0.001346153846153846,-0.007884615384615384,0.0040384615384615385
mRNALoc_18510#852264,0,0.02005065428450823,-0.001055297593921486,0.02553820177289996,0.001055297593921486,0.006542845082313212,0.011608273533136345,0.020472773322076827,0.001055297593921486,0.012452511608273533,0.0008442380751371887,-0.017728999577880964,0.009708737864077669,0.013929928239763613,0.006753904601097509,0.017306880540312368,0.003799071338117349,0.001266357112705783,0.010552975939214858,0.004010130856901647,0.005276487969607429,0.009075559307724778,-0.004010130856901647,-0.0048543689320388345,0.009497678345293373,0.005487547488391726,0.009286618826509076,0.026171380329252848,-0.0006331785563528915,0.002321654706627269,0.009919797382861967,0.006753904601097509,0.002532714225411566,0.011819333051920641,-0.0018995356690586745,-0.008653440270156184,0.00823132123258759,-0.009286618826509076,0.003799071338117349,0.01561840439003799,-0.00042211903756859433,0.007598142676234698,0.017306880540312368,0.020683832840861123,0.006331785563528915,0.011397214014352047,-0.012874630645842128,-0.016251582946390883,0.014140987758547911
mRNALoc_18867#856913,0,0.018031395842172254,0.0027577428935086977,0.01591005515485787,0.005091217649554518,0.007212558336868901,0.011879507848960543,0.019304200254560883,0.014212982605006363,0.0171828595672465,-0.002969876962240136,-0.019092066185829443,0.013152312261349173,0.01336444633008061,0.009121764955451845,0.018031395842172254,0.004454815443360204,0.007848960543063216,0.009121764955451845,0.002969876962240136,-0.0021213406873143827,0.008061094611794654,0.002545608824777259,-0.007636826474331778,0.005515485787017395,0.00848536274925753,0.003818413237165889,0.034789987271955876,0.00021213406873143826,0.005303351718285956,0.008697496817988969,0.0012728044123886295,0.0016970725498515061,0.020364870598218072,-0.0019092066185829445,-0.010818837505303353,0.008273228680526093,-0.008061094611794654,-0.005515485787017395,0.010606703436571913,0.0008485362749257531,0.005939753924480272,0.014849384811200678,0.012515910055154858,-0.005303351718285956,0.0019092066185829445,-0.0057276198557488335,-0.012515910055154858,0.01675859142978362
mRNALoc_18603#853233,0,0.02474182444061962,0.007530120481927711,0.029044750430292598,0.0027969018932874354,0.0015060240963855422,0.016566265060240965,0.02086919104991394,0.003227194492254733,0.012693631669535283,-0.003657487091222031,-0.017426850258175558,0.013984509466437178,0.006239242685025817,0.0010757314974182443,0.013984509466437178,0.006024096385542169,0.00387263339070568,0.008605851979345954,0.006669535283993115,0.003657487091222031,0.010111876075731498,0.0004302925989672978,-0.010757314974182444,0.008605851979345954,0.00387263339070568,0.0,0.031841652323580036,0.0023666092943201377,0.003657487091222031,0.007960413080895009,0.0006454388984509467,0.004518072289156626,0.01570567986230637,-0.0008605851979345956,-0.009036144578313253,0.010327022375215147,-0.008605851979345954,-0.0025817555938037868,0.014199655765920827,0.0025817555938037868,0.0068846815834767644,0.011187607573149742,0.018287435456110154,-0.0010757314974182443,0.016135972461273667,-0.017426850258175558,-0.01570567986230637,0.008390705679862307
mRNALoc_18592#853198,0,0.026398916967509026,0.0024819494584837547,0.03046028880866426,0.002030685920577617,0.005640794223826715,0.011958483754512635,0.016922382671480145,0.008799638989169675,0.01962996389891697,-0.007220216606498195,-0.02572202166064982,0.01263537906137184,0.0058664259927797835,-0.004061371841155234,0.018050541516245487,0.004061371841155234,-0.0004512635379061372,0.010379061371841155,0.003835740072202166,0.0002256317689530686,0.008799638989169675,0.002256317689530686,-0.010379061371841155,0.01128158844765343,0.0074458483754512635,0.003384476534296029,0.025045126353790612,-0.0024819494584837547,0.0024819494584837547,0.01286101083032491,-0.00157942238267148,-0.005640794223826715,0.013312274368231047,-0.002256317689530686,-0.008122743682310469,0.013989169675090252,-0.009250902527075812,-0.001128158844765343,0.01917870036101083,-0.001128158844765343,0.00157942238267148,0.015568592057761732,0.016696750902527077,0.004512635379061372,0.004512635379061372,-0.003384476534296029,-0.028203971119133572,0.014214801444043322
mRNALoc_10295#446296,0,0.015173410404624277,0.010356454720616571,0.014210019267822735,-0.0031310211946050095,0.0098747591522158,0.01758188824662813,0.005539499036608863,0.007466281310211946,0.0012042389210019267,0.007707129094412331,-0.016859344894026976,-0.012042389210019268,-0.001445086705202312,-0.002890173410404624,0.001445086705202312,0.0016859344894026974,0.007466281310211946,0.01854527938342967,0.0016859344894026974,0.0026493256262042388,-0.0031310211946050095,0.004816955684007707,-0.012524084778420038,-0.0052986512524084775,0.008911368015414258,0.004094412331406551,0.011319845857418112,-0.003371868978805395,0.01348747591522158,0.015414258188824663,0.008188824662813102,0.01300578034682081,0.0024084778420038534,0.007466281310211946,-0.008911368015414258,-0.0098747591522158,-0.002890173410404624,-0.0004816955684007707,0.0038535645472061657,-0.007466281310211946,0.015173410404624277,0.01854527938342967,0.0,-0.015414258188824663,-0.0038535645472061657,-0.004816955684007707,-0.008670520231213872,0.0
mRNALoc_18737#854781,0,-0.001010611419909045,-0.001010611419909045,0.014653865588681153,0.005053057099545225,0.0025265285497726125,0.007579585649317837,0.01591712986356746,0.012885295603840323,0.011874684183931278,-0.0055583628094997475,-0.0202122283981809,0.01010611419909045,0.010358767054067712,0.00025265285497726126,0.024002021222839818,0.0055583628094997475,0.01010611419909045,0.013643254168772108,0.0,-0.0005053057099545225,0.011116725618999495,-0.003031834259727135,-0.009600808489135927,0.009095502779181405,0.004800404244567963,-0.0007579585649317837,0.02652854977261243,-0.00606366851945427,0.001010611419909045,0.013137948458817585,-0.004547751389590703,0.003031834259727135,0.013643254168772108,-0.013390601313794846,-0.011369378473976757,0.012885295603840323,-0.01591712986356746,-0.009853461344113188,0.016927741283476502,0.0022738756947953513,0.014401212733703891,0.008842849924204144,0.008842849924204144,-0.003284487114704396,0.005305709954522486,-0.01591712986356746,-0.01591712986356746,0.034108135421930266
mRNALoc_18845#856630,0,0.011482254697286013,0.0,0.004697286012526096,-0.009394572025052192,-0.006263048016701462,0.013569937369519834,0.005219206680584551,0.0,0.007828810020876827,0.0013048016701461378,-0.013830897703549061,-0.002348643006263048,0.014613778705636743,0.0015657620041753654,-0.004697286012526096,0.014874739039665972,0.014352818371607515,0.01696242171189979,0.008872651356993737,0.003131524008350731,0.009916492693110648,0.016701461377870562,0.0015657620041753654,0.006784968684759917,0.014613778705636743,0.0020876826722338203,0.009916492693110648,0.0026096033402922755,-0.0020876826722338203,0.01722338204592902,0.009394572025052192,0.015657620041753653,0.006784968684759917,0.006784968684759917,-0.0041753653444676405,0.009394572025052192,-0.008350730688935281,0.006784968684759917,-0.009916492693110648,0.0015657620041753654,0.003131524008350731,0.007828810020876827,0.004436325678496869,0.008089770354906054,-0.009133611691022964,0.0013048016701461378,-0.015396659707724426,-0.004436325678496869
mRNALoc_18811#856137,0,-0.00275178866263071,0.009906439185470555,0.028618602091359385,0.01100715465052284,0.006053935057787562,0.013208585580627407,0.010456796917996699,0.00825536598789213,0.013208585580627407,0.003577325261419923,-0.011282333516785911,0.020088057237204183,0.01651073197578426,0.007154650522839846,0.02201430930104568,0.000550357732526142,0.00825536598789213,0.011557512383048982,0.003302146395156852,-0.00275178866263071,0.003852504127682994,-0.000825536598789213,-0.006329113924050633,0.015685195376995045,-0.002201430930104568,-0.001100715465052284,0.024215740231150248,-0.003302146395156852,0.003852504127682994,0.009906439185470555,0.003026967528893781,0.005228398458998349,0.01073197578425977,-0.004402861860209136,-0.01100715465052284,0.007705008255365988,-0.011832691249312053,0.0024766097963676388,0.020638414969730325,-0.006329113924050633,0.000275178866263071,0.016235553109521187,0.02201430930104568,0.003302146395156852,0.007154650522839846,-0.007980187121629059,0.001926252063841497,0.005778756191524491
mRNALoc_18740#854883,0,0.019129470474078182,0.017466038258940948,0.04574438591627391,0.0005544774050457444,0.004435819240365955,0.016079844746326587,0.006653728860548933,0.009426115885777655,0.014416412531189355,-0.024951483227058497,-0.016079844746326587,0.022179096201829774,0.021070141391738288,0.015525367341280842,0.03326864430274466,0.0013861935126143609,0.008594399778209038,0.015802606043803714,0.0033268644302744664,0.006099251455503188,0.0055447740504574435,-0.005267535347934572,-0.0019406709176601053,0.01524812863875797,0.005267535347934572,0.009148877183254783,0.028001108954810092,-0.0038813418353202105,0.0033268644302744664,0.011644025505960632,-0.0036041031327973387,0.0019406709176601053,0.010812309398392015,-0.00748544496811755,-0.0047130579428888274,0.013030219018574993,-0.0049902966454117,-0.0027723870252287217,0.03160521208760743,0.004158580537843083,0.017466038258940948,0.02134738009426116,0.019683947879123927,0.013584696423620738,0.014139173828666482,-0.014693651233712227,-0.009703354588300527,0.024674244524535625
mRNALoc_18515#852311,0,0.02116704805491991,0.0005720823798627002,0.021739130434782608,-0.005720823798627002,-0.005148741418764302,0.017734553775743706,0.017162471395881007,0.009725400457665904,0.014302059496567507,0.0002860411899313501,-0.022025171624713957,0.010011441647597255,0.008581235697940504,0.006864988558352402,0.016018306636155607,-0.0002860411899313501,0.002002288329519451,0.010583524027459955,0.0037185354691075517,-0.004290617848970252,0.008295194508009153,-0.008581235697940504,-0.009725400457665904,0.008581235697940504,-0.004862700228832952,0.002002288329519451,0.028890160183066362,-0.002860411899313501,-0.002860411899313501,0.009153318077803204,-0.004290617848970252,0.0008581235697940503,0.012871853546910755,-0.002574370709382151,-0.007723112128146453,0.014016018306636156,-0.008581235697940504,0.010869565217391304,0.017734553775743706,-0.002574370709382151,0.0037185354691075517,0.011155606407322655,0.014588100686498856,-0.002002288329519451,0.009439359267734555,-0.006292906178489702,-0.017734553775743706,0.005720823798627002
mRNALoc_18509#852259,0,0.04764705882352941,0.005294117647058823,0.011176470588235295,0.003823529411764706,0.010294117647058823,0.013823529411764707,0.028823529411764706,0.021176470588235293,0.023529411764705882,-0.006470588235294118,-0.01764705882352941,0.01,0.016176470588235296,0.006176470588235294,0.015588235294117648,0.005294117647058823,0.004705882352941176,0.01,0.0058823529411764705,0.001176470588235294,0.0058823529411764705,0.0058823529411764705,-0.004705882352941176,0.008823529411764706,0.01,0.015294117647058824,0.03,-0.0014705882352941176,0.0008823529411764706,0.007352941176470588,0.0008823529411764706,0.010294117647058823,0.016176470588235296,-0.0008823529411764706,-0.0008823529411764706,0.011470588235294118,-0.0017647058823529412,0.0,0.01588235294117647,-0.0002941176470588235,0.010294117647058823,0.003235294117647059,0.017058823529411765,0.007058823529411765,0.007058823529411765,0.00411764705882353,-0.008823529411764706,-0.00411764705882353
mRNALoc_18781#855529,0,0.0014731879787860931,0.003241013553329405,0.036829699469652324,-0.002357100766057749,0.0035356511490866236,0.011785503830288745,0.012669416617560401,0.007365939893930465,0.016205067766647024,0.0035356511490866236,-0.01708898055391868,0.00883912787271656,0.012669416617560401,-0.0026517383618149676,0.022687094873305835,0.006776664702416028,0.005598114319387153,0.015026517383618149,0.006776664702416028,-0.0026517383618149676,0.00441956393635828,-0.003241013553329405,-0.0014731879787860931,0.012669416617560401,0.010312315851502652,0.0038302887448438423,0.02504419563936358,0.005598114319387153,0.00441956393635828,0.015026517383618149,-0.0029463759575721863,-0.004714201532115498,0.011785503830288745,-0.006776664702416028,-0.005008839127872717,0.015615792575132587,-0.015615792575132587,-0.0008839127872716559,0.0173836181496759,0.00648202710665881,0.01708898055391868,0.020624631703005304,0.016205067766647024,0.005008839127872717,0.007955215085444903,-0.014437242192103713,-0.017972893341190337,0.020919269298762522
mRNALoc_18505#852173,0,0.010739856801909307,0.00954653937947494,0.018496420047732696,0.004176610978520286,0.010143198090692125,0.013126491646778043,0.013723150357995227,0.007756563245823389,0.013723150357995227,-0.002386634844868735,-0.003579952267303103,-0.0005966587112171838,0.017303102625298328,0.010143198090692125,0.014916467780429593,0.015513126491646777,0.0065632458233890216,0.00954653937947494,0.0038782816229116944,0.0062649164677804296,0.008054892601431982,-0.007756563245823389,0.010143198090692125,0.0005966587112171838,0.00954653937947494,0.008949880668257757,0.019689737470167064,-0.0014916467780429594,0.009248210023866348,0.007458233890214797,-0.004176610978520286,0.007756563245823389,0.007159904534606206,-0.0029832935560859188,-0.002386634844868735,0.00954653937947494,-0.004474940334128878,0.0032816229116945108,0.015214797136038186,-0.003579952267303103,0.016706443914081145,0.010143198090692125,0.012231503579952268,0.004474940334128878,0.012231503579952268,-0.0065632458233890216,-0.0005966587112171838,0.011933174224343675
mRNALoc_18739#854872,0,0.006676783004552352,0.004855842185128983,0.007890743550834597,0.0036418816388467377,0.007283763277693475,0.013960546282245826,0.011532625189681336,0.006069802731411229,0.01031866464339909,-0.013050075872534143,-0.010622154779969651,-0.005766312594840668,0.012139605462822459,0.008497723823975721,0.024279210925644917,0.006676783004552352,0.01456752655538695,0.015174506828528073,-0.0012139605462822458,-0.0018209408194233688,0.004855842185128983,-0.00819423368740516,-0.006980273141122913,0.0039453717754172985,0.0,0.006676783004552352,0.018209408194233688,-0.0012139605462822458,0.007283763277693475,0.004855842185128983,-0.0009104704097116844,0.010622154779969651,0.014264036418816389,-0.006069802731411229,-0.007283763277693475,-0.0036418816388467377,-0.006980273141122913,0.005159332321699545,0.005159332321699545,0.0009104704097116844,-0.005766312594840668,0.014264036418816389,0.009711684370257967,0.0012139605462822458,0.006069802731411229,-0.011532625189681336,0.0036418816388467377,-0.009104704097116844
mRNALoc_18574#853026,0,0.005789642972016726,0.0019298809906722419,0.02894821486008363,0.008041170794467674,0.0041814088131231905,0.020907044065615953,0.010935992280476037,0.002573174654229656,0.010935992280476037,-0.007076230299131554,-0.02444515921518173,0.023158571888066904,0.004824702476680605,0.002251527822450949,0.022836925056288194,0.005467996140238018,0.002251527822450949,0.014474107430041815,0.002573174654229656,0.0019298809906722419,0.008362817626246381,0.0032164683177870698,0.0019298809906722419,0.0064329366355741395,0.004503055644901898,0.008362817626246381,0.02894821486008363,0.004824702476680605,0.005467996140238018,0.008684464458025088,0.004824702476680605,0.008684464458025088,0.0138308137664844,-0.002573174654229656,-0.009006111289803796,0.013509166934705693,-0.012544226439369572,-0.009327758121582503,0.015117401093599228,0.006111289803795433,0.014474107430041815,0.008684464458025088,0.00964940495336121,-0.007076230299131554,0.004503055644901898,-0.012865873271148279,-0.021871984560952074,0.025088452878739145
mRNALoc_17522#80843,0,0.017652827721477606,0.0013076168682576005,0.0032690421706440013,-0.011768551814318405,0.015037593984962405,0.007191892775416803,0.005557371690094802,0.002942137953579601,-0.013403072899640406,-0.006864988558352402,-0.005557371690094802,-0.010787839163125205,0.006538084341288003,-0.013729977116704805,-0.011768551814318405,-0.008172605426610004,0.010787839163125205,0.022556390977443608,0.003922850604772802,-0.0032690421706440013,-0.0006538084341288003,0.004576659038901602,-0.02745995423340961,-0.02092186989212161,0.008826413860738803,-0.008172605426610004,-0.007518796992481203,-0.017979731938542007,0.012749264465511605,0.016672115070284408,0.002288329519450801,-0.00032690421706440013,-0.0035959463877084014,-0.0035959463877084014,-0.0049035632559660015,-0.019941157240928407,0.0009807126511932004,0.00032690421706440013,-0.007518796992481203,-0.016672115070284408,0.008172605426610004,0.02321019941157241,-0.004576659038901602,-0.013729977116704805,-0.011114743380189604,-0.010460934946060804,-0.006538084341288003,-0.007845701209545603
mRNALoc_18670#854070,0,0.020847343644922665,0.0013449899125756557,0.0013449899125756557,0.0013449899125756557,0.0,0.005379959650302623,0.01546738399462004,0.004707464694014795,0.008742434431741762,-0.00773369199731002,-0.009751176866173503,-0.0003362474781439139,0.014122394082044385,0.008742434431741762,0.017484868863483525,0.0006724949562878278,0.004034969737726967,0.010759919300605245,-0.007397444519166106,-0.0006724949562878278,0.004707464694014795,-0.0023537323470073975,-0.005043712172158709,0.00773369199731002,0.004371217215870881,0.003026227303295225,0.012441156691324815,-0.004371217215870881,0.0016812373907195697,0.012441156691324815,-0.0020174848688634837,0.007397444519166106,0.004034969737726967,-0.0070611970410221925,-0.013113651647612643,0.00773369199731002,-0.019166106254203095,0.0057162071284465365,0.006388702084734364,-0.005379959650302623,0.0,0.012777404169468728,0.006724949562878279,-0.0020174848688634837,0.004034969737726967,-0.010759919300605245,-0.01613987895090787,0.0013449899125756557
mRNALoc_18392#850829,0,0.035520974289580516,0.0010148849797023004,0.017929634641407306,0.005412719891745603,0.006765899864682003,0.0040595399188092015,0.02165087956698241,0.005412719891745603,0.016914749661705007,0.00033829499323410016,-0.012516914749661705,-0.0010148849797023004,0.005412719891745603,0.0006765899864682003,0.012178619756427604,0.004397834912043302,-0.0016914749661705007,0.010487144790257105,-0.0006765899864682003,0.0006765899864682003,0.011502029769959404,0.0037212449255751017,-0.010487144790257105,0.004397834912043302,0.017929634641407306,-0.002368064952638701,0.02875507442489851,0.0027063599458728013,0.004736129905277402,0.006089309878213802,0.0033829499323410014,0.004736129905277402,0.023004059539918808,0.0006765899864682003,-0.007442489851150203,0.006089309878213802,-0.0006765899864682003,-0.004736129905277402,0.012855209742895805,0.002368064952638701,0.0016914749661705007,0.016576454668470908,0.019959404600811907,0.0037212449255751017,-0.00033829499323410016,0.0037212449255751017,-0.017929634641407306,0.011163734776725304
mRNALoc_18523#852366,0,0.006145442130419939,0.0006828269033799932,0.011608057357459884,-0.0075110959371799246,0.0020484807101399795,0.010242403550699898,0.008876749743939911,-0.0013656538067599864,0.0075110959371799246,-0.005121201775349949,-0.012632297712529874,0.01604643222942984,0.008535336292249915,0.0003414134516899966,0.0201433936497098,0.0064868555821099355,0.004438374871969956,0.013315124615909868,0.0054626152270399455,0.004779788323659952,0.006145442130419939,-0.004779788323659952,-0.0054626152270399455,0.015705018777739842,0.010583817002389894,0.0030727210652099694,0.0201433936497098,-0.0037555479685899623,0.0003414134516899966,0.0201433936497098,0.008876749743939911,0.008193922840559918,0.013656538067599864,-0.0013656538067599864,-0.0006828269033799932,0.012973711164219871,-0.019460566746329806,0.0030727210652099694,0.016729259132809832,0.0027313076135199728,0.008193922840559918,0.022533287811539775,0.010925230454079891,-0.004096961420279959,0.008193922840559918,-0.021509047456469785,-0.015363605326049846,0.026971662683509732
mRNALoc_18656#853801,0,0.027166437414030263,-0.005845942228335626,0.014099037138927097,0.001375515818431912,0.001375515818431912,0.013755158184319119,0.019944979367262722,0.01581843191196699,0.01581843191196699,0.000343878954607978,-0.01891334250343879,0.002407152682255846,0.01581843191196699,0.014442916093535076,0.029573590096286108,0.003094910591471802,0.00859697386519945,0.014786795048143054,-0.002407152682255846,0.0017193947730398899,0.006533700137551582,0.008253094910591471,-0.0041265474552957355,0.0034387895460797797,0.007565337001375516,-0.0041265474552957355,0.03576341127922971,0.002751031636863824,0.008253094910591471,0.009628610729023384,0.008940852819807428,0.002751031636863824,0.009628610729023384,-0.004470426409903714,-0.005845942228335626,0.007909215955983494,-0.0017193947730398899,-0.003782668500687758,0.013411279229711142,0.007909215955983494,0.010660247592847318,0.014786795048143054,0.015130674002751032,0.011691884456671253,0.018569463548830812,-0.013411279229711142,-0.003094910591471802,-0.000343878954607978
mRNALoc_18446#851527,0,-0.0027739251040221915,0.009015256588072122,0.04160887656033287,0.01144244105409154,0.007281553398058253,0.019070735090152564,0.004507628294036061,0.007281553398058253,0.010748959778085992,0.009361997226074895,0.0024271844660194173,0.03918169209431346,0.012135922330097087,0.0038141470180305132,0.025312066574202496,0.0027739251040221915,0.005547850208044383,0.013869625520110958,0.007281553398058253,0.004507628294036061,0.009361997226074895,-0.00034674063800277393,-0.004507628294036061,0.010748959778085992,0.005894590846047157,0.006588072122052704,0.023231622746185853,-0.00034674063800277393,0.007281553398058253,0.008668515950069348,0.004507628294036061,0.0010402219140083217,0.0079750346740638,0.0,-0.0034674063800277394,0.005547850208044383,0.010748959778085992,0.020457697642163663,0.02808599167822469,0.00034674063800277393,0.008668515950069348,0.01699029126213592,0.0159500693481276,0.009708737864077669,0.0020804438280166435,-0.010055478502080445,-0.014216366158113732,0.006588072122052704
mRNALoc_18849#856668,0,-0.006971070059254096,0.009062391077030324,0.01951899616591147,0.003136981526664343,0.013593586615545486,0.01917044266294876,0.0013942140118508191,0.008365284071104914,0.009759498082955734,-0.011502265597769257,-0.00801673056814221,0.006622516556291391,0.01917044266294876,0.02335308469850122,0.028232833739979087,0.010456605088881143,0.01533635413035901,0.023004531195538514,0.010456605088881143,0.011850819100731963,0.0020913210177762286,-0.004879749041477867,0.006971070059254096,0.003485535029627048,0.014987800627396306,0.011502265597769257,0.025444405716277447,0.0024398745207389336,0.0059254095503659815,0.012896479609620077,0.0027884280237016382,0.009062391077030324,0.0146392471244336,-0.009410944579993029,-0.0003485535029627048,-0.0038340885325897525,-0.003136981526664343,0.011502265597769257,0.014987800627396306,-0.005228302544440571,0.013593586615545486,0.012896479609620077,0.004182642035552457,0.011153712094806553,0.0027884280237016382,-0.0059254095503659815,-0.0059254095503659815,-0.0010456605088881143
mRNALoc_18551#852709,0,0.012276394247632409,0.014380918975797966,0.02911259207295686,-0.010171869519466853,-0.003156787092248334,0.017888460189407224,0.012627148368993335,0.008418098912662224,0.015433181339880744,-0.005962820063135742,-0.015082427218519818,-0.00175377060680463,0.008067344791301298,0.006664328305857594,0.01929147667485093,0.009119607155384075,0.0014030164854437039,0.012627148368993335,-0.00035075412136092597,0.00035075412136092597,0.012977902490354262,0.001052262364082778,-0.010171869519466853,0.003156787092248334,0.007716590669940372,0.011224131883549631,0.023851280252542968,-0.004910557699052964,0.004910557699052964,0.004910557699052964,-0.011925640126271484,-0.01052262364082778,0.01683619782532445,-0.0028060329708874078,-0.004910557699052964,0.014731673097158891,0.0007015082427218519,0.0014030164854437039,0.01823921431076815,-0.0028060329708874078,0.004209049456331112,0.018940722553490004,0.01823921431076815,0.002104524728165556,0.015433181339880744,-0.002455278849526482,-0.01929147667485093,0.016485443703963522
mRNALoc_18810#856071,0,0.021463757916959886,-0.004574243490499648,0.007389162561576354,-0.01020408163265306,-0.0038705137227304713,0.005981703026038001,0.019704433497536946,0.0063335679099225895,0.011259676284306826,-0.009852216748768473,-0.02674173117522871,0.0,0.005981703026038001,-0.0003518648838845883,0.009500351864883884,0.0049261083743842365,0.0028149190710767065,0.009852216748768473,-0.003518648838845883,-0.00211118930330753,0.0,0.015833919774806474,-0.021463757916959886,0.001055594651653765,0.007389162561576354,0.005981703026038001,0.02498240675580577,-0.021815622800844477,0.00422237860661506,0.014778325123152709,-0.017593244194229415,-0.009852216748768473,0.01688951442646024,-0.015833919774806474,-0.017945109078114006,0.008796622097114707,-0.016537649542575653,-0.010907811400422239,0.007389162561576354,-0.004574243490499648,-0.005277973258268825,0.0031667839549612948,0.011963406052076003,-0.00211118930330753,0.005629838142153413,0.0014074595355383533,-0.02744546094299789,0.0
mRNALoc_18570#852980,0,0.02847988608045568,0.017087931648273408,0.03631185475258099,0.002491990032039872,0.006051975792096832,0.026699893200427198,0.007475970096119616,0.00533997864008544,0.02029191883232467,-0.021715913136347454,-0.019579921680313278,0.023139907440370238,0.017443930224279102,0.016019935920256318,0.021715913136347454,0.000711997152011392,0.000711997152011392,0.007831968672125312,0.005695977216091136,0.006407974368102528,0.00711997152011392,-0.003203987184051264,-0.003915984336062656,0.018867924528301886,0.015307938768244928,0.01245995016019936,0.032395870416518334,0.001067995728017088,0.007475970096119616,0.006051975792096832,0.0,0.004271982912068352,0.013527945888216448,-0.01245995016019936,-0.008187967248131008,0.013883944464222144,-0.007831968672125312,0.000711997152011392,0.01067995728017088,-0.000711997152011392,0.012103951584193664,0.02919188323246707,0.011035955856176576,0.014595941616233536,0.01245995016019936,-0.026343894624421504,-0.011391954432182272,0.016375934496262016
mRNALoc_18358#850403,0,0.01588447653429603,0.001444043321299639,0.022382671480144403,0.006498194945848376,0.009386281588447653,0.018772563176895306,0.009747292418772563,0.011913357400722021,0.010469314079422382,-0.01407942238267148,-0.024909747292418773,0.01696750902527076,0.005415162454873646,-0.00036101083032490973,0.011191335740072202,-0.004693140794223827,-0.003971119133574007,0.0148014440433213,0.0007220216606498195,0.004332129963898917,0.006498194945848376,-0.007220216606498195,-0.007220216606498195,0.013718411552346571,0.011191335740072202,0.01696750902527076,0.024909747292418773,-0.0010830324909747292,0.0068592057761732855,0.0184115523465704,-0.008303249097472924,-0.008303249097472924,0.0068592057761732855,-0.001444043321299639,-0.005776173285198556,0.012996389891696752,-0.001444043321299639,0.0021660649819494585,0.019494584837545126,-0.002888086642599278,0.0021660649819494585,0.019494584837545126,0.011913357400722021,-0.0010830324909747292,0.005415162454873646,-0.0036101083032490976,-0.013718411552346571,0.005776173285198556
mRNALoc_18859#856745,0,0.010830324909747292,0.007220216606498195,0.020216606498194945,0.0010830324909747292,0.01263537906137184,0.021299638989169676,0.010108303249097473,0.007220216606498195,0.018050541516245487,-0.004693140794223827,-0.011191335740072202,0.0018050541516245488,0.005776173285198556,0.0007220216606498195,0.009386281588447653,0.009386281588447653,0.007220216606498195,0.018050541516245487,0.0036101083032490976,0.002888086642599278,0.005776173285198556,0.004332129963898917,-0.010108303249097473,-0.0007220216606498195,-0.004693140794223827,0.008303249097472924,0.022743682310469315,0.0010830324909747292,-0.0010830324909747292,0.008303249097472924,-0.007220216606498195,0.0,0.007220216606498195,-0.005415162454873646,-0.004693140794223827,0.009025270758122744,0.002527075812274368,0.004693140794223827,0.008303249097472924,0.002888086642599278,0.011552346570397111,0.01588447653429603,0.019133574007220218,0.007581227436823105,0.011191335740072202,-0.007581227436823105,-0.009747292418772563,0.0010830324909747292
mRNALoc_18563#852876,0,0.020689655172413793,-0.006896551724137931,-0.003992740471869328,-0.006896551724137931,-0.009074410163339383,0.011978221415607986,0.018148820326678767,0.01161524500907441,0.01161524500907441,-0.017422867513611617,-0.018148820326678767,-0.0029038112522686023,0.007985480943738656,0.003629764065335753,0.013793103448275862,0.01705989110707804,0.010526315789473684,0.014882032667876587,0.008348457350272231,0.002540834845735027,0.006896551724137931,0.014156079854809437,-0.026497277676951,0.0054446460980036296,0.003266787658802178,0.022867513611615244,0.0279491833030853,-0.029764065335753175,-0.015970961887477313,0.02250453720508167,-0.02722323049001815,-0.024319419237749548,0.02722323049001815,-0.028312159709618874,-0.018874773139745917,0.006533575317604356,-0.021778584392014518,0.0,0.006533575317604356,-0.01560798548094374,-0.011978221415607986,0.008348457350272231,0.008711433756805808,-0.007259528130671506,0.003629764065335753,0.009074410163339383,-0.0294010889292196,-0.009074410163339383
mRNALoc_18732#854764,0,0.007757665312153676,-0.007018840044329516,-0.0003694126339120798,0.002216475803472479,0.005171776874769117,0.009604728481714075,0.009235315847801994,0.008496490579977835,0.019578869597340228,-0.007388252678241596,-0.01920945696342815,0.011082379017362394,0.009974141115626155,0.009974141115626155,0.009235315847801994,0.006280014776505356,0.0011082379017362395,0.006280014776505356,-0.005171776874769117,0.002216475803472479,0.002216475803472479,-0.0033247137052087182,-0.015145917990395271,0.0025858884373845584,0.0011082379017362395,-0.0003694126339120798,0.004802364240857037,-0.0066494274104174364,0.0,0.011082379017362394,-0.0007388252678241596,-0.0029553010712966383,0.015515330624307351,-0.015145917990395271,-0.01736239379386775,0.008496490579977835,-0.01773180642777983,-0.008127077946065755,0.0066494274104174364,0.0,0.002216475803472479,0.011082379017362394,0.0029553010712966383,-0.004432951606944958,-0.003694126339120798,-0.010343553749538234,-0.01847063169560399,-0.003694126339120798
mRNALoc_18589#853153,0,0.027578390630902908,0.022289384208537967,0.03664525878352852,0.003022289384208538,0.010578012844729883,0.012089157536834151,0.011333585190782017,0.009066868152625614,0.00831129580657348,0.009066868152625614,-0.0007555723460521345,0.010578012844729883,0.014355874574990555,0.012089157536834151,0.018889308651303362,-0.003022289384208538,0.0007555723460521345,0.009822440498677748,0.009822440498677748,0.00680015111446921,0.006044578768417076,-0.001511144692104269,0.003022289384208538,0.009822440498677748,0.011711371363808084,0.013978088401964487,0.029845107669059314,-0.003022289384208538,-0.006044578768417076,0.007555723460521345,0.007555723460521345,0.010578012844729883,0.00680015111446921,0.00680015111446921,0.0007555723460521345,0.0,-0.00415564790328674,0.006422364941443143,0.02455610124669437,-0.0022667170381564035,0.004533434076312807,0.018133736305251228,0.016244805440120892,0.004911220249338874,0.007177937287495277,-0.011711371363808084,-0.0026445032111824707,0.015489233094068758
mRNALoc_18691#854386,0,0.032148260211800304,0.006429652042360061,0.03668683812405446,-0.00037821482602118004,0.00340393343419062,0.014750378214826021,0.01399394856278366,0.0132375189107413,0.011724659606656581,-0.00794251134644478,-0.0132375189107413,0.01021180030257186,0.01777609682299546,0.01021180030257186,0.02155824508320726,0.0056732223903177,-0.00037821482602118004,0.014750378214826021,0.006051437216338881,-0.0007564296520423601,0.00680786686838124,0.007564296520423601,-0.0007564296520423601,0.01361573373676248,0.011724659606656581,0.00340393343419062,0.028366111951588502,-0.0030257186081694403,-0.0007564296520423601,0.01664145234493192,0.0015128593040847202,0.01361573373676248,0.01361573373676248,-0.0056732223903177,-0.00794251134644478,0.00869894099848714,0.0022692889561270802,0.0045385779122541605,0.018910741301059002,-0.0007564296520423601,0.01059001512859304,0.01739788199697428,0.018910741301059002,0.0037821482602118004,0.006051437216338881,-0.0007564296520423601,-0.009077155824508321,0.01059001512859304
mRNALoc_18581#853061,0,0.0003834355828220859,0.004217791411042945,0.027223926380368097,0.004984662576687116,0.0026840490797546013,0.018788343558282208,0.009585889570552147,0.0026840490797546013,0.013420245398773007,-0.02223926380368098,-0.03374233128834356,0.032208588957055216,0.012653374233128834,0.011886503067484663,0.021855828220858894,0.00651840490797546,0.00651840490797546,0.012653374233128834,-0.0011503067484662577,0.003450920245398773,0.011886503067484663,-0.0023006134969325155,-0.010736196319018405,0.010736196319018405,0.005368098159509203,0.004601226993865031,0.027607361963190184,0.0,-0.0023006134969325155,0.00843558282208589,-0.0072852760736196315,-0.008819018404907975,0.020322085889570553,-0.008819018404907975,-0.004984662576687116,0.014187116564417178,-0.014570552147239263,-0.006134969325153374,0.028374233128834355,-0.0011503067484662577,-0.0011503067484662577,0.02492331288343558,0.0299079754601227,-0.003834355828220859,0.005368098159509203,-0.010352760736196318,-0.034892638036809816,0.02262269938650307
