SampleName,label,AAA,AAC,AAG,AAT,ACA,ACC,ACG,ACT,AGA,AGC,AGG,AGT,ATA,ATC,ATG,ATT,CAA,CAC,CAG,CAT,CCA,CCC,CCG,CCT,CGA,CGC,CGG,CGT,CTA,CTC,CTG,CTT,GAA,GAC,GAG,GAT,GCA,GCC,GCG,GCT,GGA,GGC,GGG,GGT,GTA,GTC,GTG,GTT,TAA,TAC,TAG,TAT,TCA,TCC,TCG,TCT,TGA,TGC,TGG,TGT,TTA,TTC,TTG,TTT,lamada_1,lamada_2,lamada_3,lamada_4,lamada_5,lamada_6,lamada_7,lamada_8,lamada_9,lamada_10
mRNALoc_18600#853213,0,0.015326064403622816,0.008309312026060563,0.012094665282377041,0.009971174431272675,0.008309312026060563,0.0066474496208484505,0.007663032201811408,0.010155825809629575,0.011540711147306338,0.008309312026060563,0.008309312026060563,0.00932489460702352,0.00794000926934676,0.006555123931669999,0.009971174431272675,0.01070977994470028,0.009971174431272675,0.007293729445097605,0.009878848742094225,0.006555123931669999,0.00812466064770366,0.003046747742888873,0.0036930275671380277,0.004154656013030281,0.008955591850309717,0.0035083761887811263,0.004616284458922535,0.00526256428317169,0.007386055134276055,0.004616284458922535,0.008770940471952815,0.008586289093595916,0.014125830444302956,0.007570706512632957,0.009601871674558874,0.01070977994470028,0.009417220296201971,0.004339307391387183,0.006278146864134648,0.008216986336882113,0.01070977994470028,0.006462798242491549,0.00535488997235014,0.005539541350707042,0.007386055134276055,0.0054472156615285915,0.007293729445097605,0.008032334958525211,0.006278146864134648,0.009601871674558874,0.005908844107420845,0.00784768358016831,0.00784768358016831,0.0049855872156363374,0.004708610148100986,0.006832100999205352,0.010894431323057183,0.009971174431272675,0.009786523052915773,0.008032334958525211,0.006924426688383803,0.007755357890989859,0.012648619417447746,0.012925596484983098,0.06173594678668621,0.04835944812725871,0.04391378145068155,0.04940265669258524,0.04788786833650249,0.04352344882915233,0.049638846282829,0.04806703153054442,0.044380941089144005,0.04809733663721813
mRNALoc_205#101165733,0,0.02127347417587726,0.010943566042398397,0.01063673708793863,0.011659500269471192,0.014420960859609104,0.005932026452888851,0.003477394817210706,0.00828438177041374,0.009818526542712583,0.009307144951946301,0.0077730001796474605,0.007977552815953973,0.008693487043026766,0.007159342270727924,0.008898039679333277,0.01298909240546352,0.01401185558699608,0.00910259231563979,0.011864052905777703,0.009818526542712583,0.010432184451632118,0.007466171225187693,0.0022500789993716336,0.007568447543340949,0.0021478026812183776,0.0028637369082911697,0.0019432500449118651,0.0021478026812183776,0.004909263271356291,0.0077730001796474605,0.01063673708793863,0.007977552815953973,0.008488934406720255,0.00623885540734862,0.007159342270727924,0.0067502369981148995,0.008898039679333277,0.0073638949070344364,0.002045526363065121,0.007057065952574669,0.006954789634421412,0.004909263271356291,0.0036819474535172182,0.004500157998743267,0.005216092225816059,0.004397881680590011,0.0073638949070344364,0.007977552815953973,0.010739013406091886,0.005829750134735596,0.005216092225816059,0.009511697588252814,0.011045842360551656,0.006954789634421412,0.0013295921359923288,0.008386658088566997,0.009716250224559327,0.00828438177041374,0.006647960679961644,0.010329908133478862,0.01247771081469724,0.008386658088566997,0.008079829134107229,0.025159974265700994,0.06057723116162038,0.04768596628522752,0.04584887141284954,0.04675716070164449,0.048060451276773726,0.04440787135077276,0.0477512334437526,0.04625412858786136,0.046963218592403745,0.04643699992301279
mRNALoc_916#10940,0,0.022381948785623124,0.007384906959723365,0.013860902293634625,0.008861888351668038,0.007271293006496852,0.005907925567778693,0.0031811906903423726,0.007725748819402905,0.015224269732352785,0.009770799977480146,0.011702237182330872,0.00783936277262942,0.006475995333911259,0.0069304511468173124,0.010566097650065739,0.0085210464919885,0.008748274398441527,0.006135153474231719,0.013747288340408111,0.008407432538761986,0.01204307904201041,0.006816837193590799,0.0023858930177567796,0.009543572071027118,0.0027267348774363195,0.0023858930177567796,0.0032948046435688863,0.0022722790645302664,0.005226241848419613,0.008748274398441527,0.014997041825899757,0.009770799977480146,0.013860902293634625,0.005907925567778693,0.011929465088783899,0.008748274398441527,0.008634660445215011,0.009316344164574091,0.0030675767371158595,0.010452483696839225,0.011475009275877846,0.009316344164574091,0.008293818585535472,0.005567083708099153,0.004658172082287046,0.006816837193590799,0.009770799977480146,0.0062487674274582326,0.007612134866176392,0.004658172082287046,0.0049990139419665855,0.006362381380684745,0.009089116258121066,0.008748274398441527,0.0020450511580772397,0.011020553462971792,0.011020553462971792,0.009998027883933171,0.01136139532265133,0.011815851135557385,0.007271293006496852,0.008407432538761986,0.008861888351668038,0.012497534854916465,0.056880002804448,0.04590811054785005,0.043823562731128446,0.045467420149878826,0.044147217378592056,0.04500429783062066,0.04445752986010137,0.04420022151274697,0.04467338377428184,0.044749450005374905
mRNALoc_18457#851608,0,0.014491211177806931,0.0066155529289988165,0.01307359269302147,0.012758566363069145,0.008663224073688925,0.005197934444213356,0.004410368619332544,0.007403118753879627,0.011025921548331359,0.0047253949492848685,0.007403118753879627,0.007403118753879627,0.00693057925895114,0.008348197743736602,0.012128513703164496,0.016381369157520878,0.011498461043259847,0.005827987104118005,0.007718145083831953,0.008348197743736602,0.00693057925895114,0.0036228027944517328,0.0033077764644994082,0.005040421279237193,0.005040421279237193,0.0033077764644994082,0.002677723804594759,0.004252855454356381,0.007088092423927303,0.00693057925895114,0.007875658248808114,0.0072456055889034655,0.013703645352926118,0.00693057925895114,0.005040421279237193,0.011498461043259847,0.005985500269094167,0.003937829124404057,0.0033077764644994082,0.00693057925895114,0.007088092423927303,0.004567881784308706,0.005197934444213356,0.010868408383355196,0.006458039764022654,0.00693057925895114,0.008663224073688925,0.009923329393498223,0.007403118753879627,0.006300526599046492,0.0047253949492848685,0.011025921548331359,0.01181348737321217,0.006143013434070329,0.004252855454356381,0.009765816228522062,0.014018671682878443,0.00756063191885579,0.012443540033116821,0.009450789898569737,0.008978250403641249,0.009765816228522062,0.014806237507759255,0.01653888232249704,0.060717436921274126,0.04993888592797069,0.04297458739307555,0.04867932368163949,0.04872495547437165,0.04374549923585998,0.048227205932149006,0.04798264567834838,0.04468351642829067,0.04862784119506506
mRNALoc_18830#856492,0,0.010131814856986247,0.006853874756196579,0.013409754957775914,0.008641842083900035,0.005959891092344851,0.0041719237646413955,0.0041719237646413955,0.009535825747751761,0.010131814856986247,0.0053639019831103665,0.004469918319258638,0.0050659074284931235,0.0032779401007896683,0.006555880201579337,0.011323793075455219,0.017879673277034554,0.010727803966220733,0.003873929210024153,0.004469918319258638,0.007747858420048306,0.011025798520837975,0.0005959891092344851,0.0017879673277034554,0.003575934655406911,0.0023839564369379403,0.0023839564369379403,0.0032779401007896683,0.0041719237646413955,0.009833820302369003,0.0050659074284931235,0.009535825747751761,0.01162178763007246,0.011323793075455219,0.0029799455461724253,0.0029799455461724253,0.00923783119313452,0.0023839564369379403,0.003575934655406911,0.0005959891092344851,0.00923783119313452,0.0023839564369379403,0.0017879673277034554,0.005661896537727609,0.017879673277034554,0.008641842083900035,0.008045852974665549,0.0053639019831103665,0.018177667831651798,0.006853874756196579,0.010131814856986247,0.004469918319258638,0.013111760403158673,0.007449863865431064,0.008641842083900035,0.005661896537727609,0.013707749512393157,0.01162178763007246,0.006257885646962094,0.014303738621627643,0.013111760403158673,0.012813765848541431,0.015793711394713854,0.019071651495503522,0.022945580705527675,0.060644022088615544,0.05180924385070835,0.04265241649313709,0.049458992632063825,0.04756221877934712,0.04304160817087892,0.04870696841218893,0.049298223154366085,0.043267007539638976,0.04832671394584269
mRNALoc_18766#855380,0,0.0222036971794269,0.006938655368570906,0.017577926933712962,0.012952156687999025,0.006013501319428119,0.005550924294856725,0.0023128851228569687,0.008326386442285089,0.012027002638856237,0.007863809417713693,0.004163193221142544,0.007863809417713693,0.006013501319428119,0.006476078343999513,0.014339887761713205,0.014339887761713205,0.011564425614284843,0.004163193221142544,0.00370061619657115,0.006938655368570906,0.006938655368570906,0.0027754621474283623,0.001850308098285575,0.007863809417713693,0.00370061619657115,0.001850308098285575,0.001850308098285575,0.0050883472702853315,0.005550924294856725,0.0046257702457139374,0.008326386442285089,0.015265041810855993,0.019428235031998538,0.0032380391719997563,0.006938655368570906,0.007863809417713693,0.006476078343999513,0.0032380391719997563,0.004163193221142544,0.0050883472702853315,0.010176694540570663,0.0023128851228569687,0.004163193221142544,0.006013501319428119,0.004163193221142544,0.005550924294856725,0.006013501319428119,0.013877310737141811,0.006938655368570906,0.007863809417713693,0.00370061619657115,0.012952156687999025,0.006938655368570906,0.007863809417713693,0.004163193221142544,0.01248957966342763,0.011564425614284843,0.006938655368570906,0.01248957966342763,0.010639271565142055,0.015727618835427386,0.0148024647862846,0.012952156687999025,0.025441736351426658,0.05809927198678367,0.04599192609610673,0.04596499546182861,0.045891041026563974,0.046930986822114815,0.04477590533409063,0.047106429106267195,0.04498841716648658,0.04518912348004494,0.045873787410038495
mRNALoc_18747#854969,0,0.021572714482966226,0.01330475783090428,0.009408364466139454,0.016821015257643266,0.015110403536527003,0.00988353438867175,0.005321903132361711,0.011214010171762179,0.011974282047813853,0.003421223442232529,0.004276529302790662,0.0061772089929198444,0.013779927753436576,0.013399791815410738,0.010358704311204045,0.011784214078800934,0.01625081135060451,0.009503398450645914,0.007602718760516731,0.011404078140775098,0.009693466419658832,0.0038013593802583654,0.003231155473219611,0.007222582822490895,0.005892107039400467,0.0023758496126614786,0.002090747659142101,0.0038013593802583654,0.008458024621074863,0.007032514853477976,0.006747412899958599,0.007697752745023191,0.012354417985839689,0.007412650791503813,0.004751699225322957,0.00893319454360716,0.0065573449309456805,0.0017106117211162645,0.0011404078140775096,0.00437156328729712,0.004181495318284202,0.003231155473219611,0.0014255097675968872,0.004561631256310038,0.006462310946439222,0.003991427349271284,0.00332618945772607,0.005036801178842335,0.010928908218242802,0.01130904415626864,0.004181495318284202,0.012069316032320311,0.013399791815410738,0.008553058605581323,0.00446659727180358,0.007127548837984435,0.011404078140775098,0.004751699225322957,0.0056070050858810895,0.004276529302790662,0.009788500404165292,0.009123262512620077,0.0056070050858810895,0.007887820714036108,0.06363757623504299,0.049089024744845576,0.04788707602325078,0.04821172198495084,0.04902118711016874,0.047427165173613096,0.04934381271765922,0.04837935660226915,0.04757986402270945,0.0488792189899699
mRNALoc_18373#850659,0,0.013377400727433913,0.007969515326981907,0.013377400727433913,0.008823391969158538,0.008823391969158538,0.008254140874374117,0.006831013137413062,0.012808149632649491,0.011811960216776754,0.009677268611335173,0.009677268611335173,0.009961894158727383,0.006261762042628641,0.006261762042628641,0.009819581385031277,0.008823391969158538,0.010246519706119594,0.009250330290246855,0.011242709121992331,0.006831013137413062,0.01067345802720791,0.002988568247618215,0.002988568247618215,0.0031308810213143204,0.007827202553285801,0.0028462554739221092,0.004269383210883164,0.005407885400452008,0.01067345802720791,0.004838634305667586,0.009819581385031277,0.0065463875900208515,0.01380433904852223,0.008254140874374117,0.010246519706119594,0.008681079195462432,0.010815770800904016,0.004554008758275375,0.00597713649523643,0.009392643063942961,0.011100396348296225,0.0074002642321974845,0.006404074816324746,0.005265572626755902,0.007969515326981907,0.005123259853059797,0.006688700363716956,0.0074002642321974845,0.006119449268932535,0.011242709121992331,0.006261762042628641,0.006688700363716956,0.007257951458501379,0.003984757663490953,0.004554008758275375,0.0065463875900208515,0.0103888324798157,0.010815770800904016,0.009819581385031277,0.0065463875900208515,0.005407885400452008,0.006119449268932535,0.011242709121992331,0.0103888324798157,0.06203208531926783,0.04917338254045825,0.042277925094975966,0.050283045905974634,0.049110018264158915,0.041285164923739154,0.0502463750687747,0.04958817915006105,0.04196600231099782,0.04943483173647441
mRNALoc_18504#852161,0,0.01829250827209613,0.008362289495815372,0.014111363524188441,0.009407575682792295,0.009146254136048065,0.0057490740283730685,0.010191540323024984,0.007578324855582681,0.009930218776280754,0.008100967949071142,0.008362289495815372,0.009407575682792295,0.007839646402326912,0.0070556817620942205,0.008623611042559603,0.008884932589303833,0.010191540323024984,0.007839646402326912,0.008362289495815372,0.006010395575117298,0.005226430934884608,0.006010395575117298,0.0036585016544192256,0.006010395575117298,0.009668897229536524,0.002613215467442304,0.006271717121861529,0.006271717121861529,0.006794360215349991,0.005226430934884608,0.006794360215349991,0.010191540323024984,0.015156649711165362,0.0070556817620942205,0.008623611042559603,0.010191540323024984,0.008623611042559603,0.004703787841396147,0.006271717121861529,0.006794360215349991,0.009668897229536524,0.008623611042559603,0.005226430934884608,0.00653303866860576,0.0070556817620942205,0.00653303866860576,0.006271717121861529,0.010452861869769216,0.00653303866860576,0.009407575682792295,0.004703787841396147,0.00653303866860576,0.009407575682792295,0.0044424662946519165,0.004703787841396147,0.008623611042559603,0.012020791150234597,0.0070556817620942205,0.010191540323024984,0.008100967949071142,0.005487752481628839,0.008362289495815372,0.015679292804653824,0.015940614351398052,0.060166221922778,0.04628395561317944,0.04577508911311707,0.04758885172099419,0.04535504240569442,0.04484472702673943,0.04841217794143665,0.04652000950870588,0.044845470732844936,0.04704271743256085
mRNALoc_18815#856279,0,0.00963491963597119,0.006882085454265135,0.009910203054141793,0.008809069381459372,0.006056235199753318,0.004679818108900291,0.004129251272559081,0.007432652290606345,0.010460769890483003,0.004404534690729686,0.005505668363412108,0.006331518617923923,0.006882085454265135,0.00963491963597119,0.008809069381459372,0.012112470399506636,0.00770793570877695,0.002202267345364843,0.005780951781582713,0.00715736887243574,0.00715736887243574,0.005230384945241502,0.004404534690729686,0.008533785963288767,0.002752834181706054,0.003853967854388475,0.00357868443621787,0.005230384945241502,0.009910203054141793,0.005505668363412108,0.0101854864723124,0.01431473774487148,0.011837186981336031,0.004129251272559081,0.0033034010180472643,0.009084352799629979,0.00357868443621787,0.004129251272559081,0.002752834181706054,0.011011336726824215,0.004679818108900291,0.003853967854388475,0.005505668363412108,0.013488887490359664,0.005780951781582713,0.006882085454265135,0.009359636217800582,0.01486530458121269,0.006331518617923923,0.009084352799629979,0.00770793570877695,0.012112470399506636,0.006056235199753318,0.01128662014499482,0.004129251272559081,0.012938320654018454,0.010460769890483003,0.009359636217800582,0.012938320654018454,0.011837186981336031,0.012663037235847847,0.012387753817677243,0.016241721672065716,0.01899455585377177,0.060458716395492815,0.04949360290141724,0.04568800389164096,0.04741790904435951,0.04892084593031387,0.044809430454716526,0.04733899794996557,0.04833146244815169,0.044238538009331724,0.04934835125008979
mRNALoc_18831#856494,0,0.00802360956566795,0.008617951014976685,0.009212292464285421,0.010103804638248528,0.004160390145161158,0.006834926667050475,0.004754731594469895,0.010103804638248528,0.006834926667050475,0.0035660486958524213,0.005349073043778633,0.006537755942396107,0.004160390145161158,0.009212292464285421,0.012481170435483474,0.01366985333410095,0.01158965826152037,0.0038632194205067897,0.004754731594469895,0.00950946318893979,0.013075511884792213,0.004160390145161158,0.0026745365218893164,0.0035660486958524213,0.0029717072465436844,0.0029717072465436844,0.0035660486958524213,0.005051902319124264,0.008617951014976685,0.005646243768433001,0.010995316812211633,0.008320780290322316,0.009806633913594159,0.0026745365218893164,0.0038632194205067897,0.006834926667050475,0.0023773657972349475,0.006240585217741737,0.0005943414493087369,0.006240585217741737,0.0026745365218893164,0.0035660486958524213,0.004160390145161158,0.016641560580644633,0.00950946318893979,0.0077264388410135795,0.00802360956566795,0.01723590202995337,0.006834926667050475,0.010698146087557266,0.004457560869815527,0.012778341160137843,0.010103804638248528,0.006240585217741737,0.006537755942396107,0.01366985333410095,0.010698146087557266,0.005349073043778633,0.013967024058755318,0.014264194783409685,0.012481170435483474,0.013967024058755318,0.012778341160137843,0.020504780001151426,0.06212629312469793,0.05167776942695858,0.04324282208098258,0.049506926998615704,0.04872693136558888,0.04474424604977829,0.0490242982514342,0.04902105016380746,0.044816601395409404,0.04865395125910268
mRNALoc_18604#853236,0,0.013022706453925746,0.009085609153901683,0.007874194600048125,0.01059987734621863,0.00514851185387762,0.009994170069291852,0.0054513654923410105,0.011205584623145408,0.006965633684657958,0.004542804576950841,0.007874194600048125,0.004845658215414231,0.007571340961584736,0.008782755515438292,0.01029702370775524,0.011205584623145408,0.012114145538535577,0.005754219130804399,0.007268487323121346,0.01029702370775524,0.011811291900072187,0.0030285363846338943,0.0033313900230972837,0.006965633684657958,0.0033313900230972837,0.0039370973000240625,0.005754219130804399,0.004239950938487452,0.007874194600048125,0.006965633684657958,0.010902730984682021,0.01059987734621863,0.009085609153901683,0.00514851185387762,0.00514851185387762,0.008479901876974904,0.007268487323121346,0.0054513654923410105,0.0027256827461705053,0.006359926407731178,0.007571340961584736,0.006359926407731178,0.00514851185387762,0.011205584623145408,0.0060570727692677885,0.008479901876974904,0.007874194600048125,0.009994170069291852,0.006662780046194567,0.011811291900072187,0.0039370973000240625,0.008177048238511514,0.011205584623145408,0.006662780046194567,0.005754219130804399,0.011811291900072187,0.009994170069291852,0.006965633684657958,0.011508438261608798,0.012114145538535577,0.009085609153901683,0.011205584623145408,0.011508438261608798,0.01605124283855964,0.06145121328079179,0.04996287937961406,0.042731887207049665,0.049095806623429994,0.046931195973286016,0.04442117156558054,0.04892733862958521,0.04714473517948473,0.04455335564258507,0.049323523853904004
mRNALoc_18599#853212,0,0.021961723495563926,0.007476331402745166,0.01775628708151977,0.012149038529460896,0.005607248552058875,0.0065417899774020205,0.0032708949887010103,0.008878143540759885,0.013083579954804041,0.00794360211541674,0.003738165701372583,0.008878143540759885,0.0042054364140441565,0.007009060690073593,0.01448539209281876,0.013083579954804041,0.01121449710411775,0.005139977839387302,0.005139977839387302,0.006074519264730448,0.006074519264730448,0.003738165701372583,0.003738165701372583,0.007476331402745166,0.0042054364140441565,0.0018690828506862916,0.0028036242760294374,0.005607248552058875,0.006074519264730448,0.006074519264730448,0.007476331402745166,0.014952662805490333,0.020092640644877632,0.0042054364140441565,0.007009060690073593,0.008410872828088313,0.00794360211541674,0.0032708949887010103,0.0028036242760294374,0.006074519264730448,0.010747226391446176,0.0032708949887010103,0.0032708949887010103,0.004672707126715729,0.003738165701372583,0.005139977839387302,0.006074519264730448,0.013083579954804041,0.0065417899774020205,0.007476331402745166,0.003738165701372583,0.011681767816789321,0.00794360211541674,0.007476331402745166,0.004672707126715729,0.012149038529460896,0.011681767816789321,0.007009060690073593,0.012149038529460896,0.008878143540759885,0.015419933518161906,0.014018121380147186,0.011681767816789321,0.028503513472965945,0.05711122887168869,0.04701621657026514,0.043976977965873874,0.04654857183130566,0.04545796139556324,0.04519367342245823,0.046057645158312614,0.04404973877376657,0.04541935845272449,0.04461093226176212
mRNALoc_18833#856499,0,0.020893977722891963,0.01094232022987661,0.012743525205987987,0.016255874909405173,0.010446988861445981,0.0063492475407926005,0.005133434181917422,0.008600753760931822,0.012203163713154573,0.005538705301542482,0.005493675177139698,0.005943976421167541,0.012203163713154573,0.008825904382945744,0.010987350354279396,0.01697635689984972,0.013914308440460382,0.005178464306320207,0.0063492475407926005,0.00941129600018194,0.007475000650862211,0.002836897837375418,0.0026117472153614953,0.005853916172361973,0.004728163062292362,0.0023865965933475737,0.002296536344542005,0.0038725906986394588,0.007655121148473349,0.005268524555125775,0.005943976421167541,0.009366265875779156,0.014679820555307716,0.005133434181917422,0.004953313684306284,0.010266868363834844,0.00562876555034805,0.0038275605742366745,0.0020263555981252985,0.005673795674750836,0.007339910277653858,0.003242168957000477,0.002836897837375418,0.004412952191472872,0.005178464306320207,0.003962650947445028,0.003692470201028321,0.008060392268098408,0.011347591349501671,0.009276205626973587,0.005178464306320207,0.013013705952404692,0.011302561225098885,0.005763855923556403,0.0035123497034171836,0.008105422392501194,0.010762199732265472,0.005989006545570326,0.007204819904445504,0.0066644584116120915,0.013779218067252026,0.01062710935905712,0.009996687617418138,0.017696838890294272,0.06195788812761127,0.04910018492932704,0.04624746047083754,0.049096517619190844,0.048146944853329245,0.04771469929830984,0.048450993407542386,0.04832130445743712,0.04661498064834515,0.048525638771592314
mRNALoc_10172#4363,0,0.008405035699748868,0.007228330701784027,0.009833891768706176,0.004370618563869412,0.007900733557763936,0.010086042839698642,0.004958971062851833,0.0059675753468216965,0.010254143553693619,0.01033819391069111,0.010758445695678551,0.006303776774811651,0.002437460352927172,0.009665791054711199,0.007984783914761425,0.005211122133844299,0.007984783914761425,0.008068834271758914,0.015129064259547964,0.01033819391069111,0.01294375497761326,0.013952359261583122,0.008068834271758914,0.015129064259547964,0.004370618563869412,0.00638782713180914,0.006219726417814163,0.005463273204836764,0.004706819991859367,0.010758445695678551,0.016473869971507783,0.010506294624686087,0.010926546409673528,0.008657186770741336,0.010758445695678551,0.006892129273794072,0.009077438555728777,0.014372611046570566,0.004286568206871923,0.010506294624686087,0.013868308904585635,0.012439452835628325,0.010506294624686087,0.006892129273794072,0.0025215107099246605,0.008236934985753891,0.01084249605267604,0.005715424275829231,0.0026055610669221494,0.004958971062851833,0.0019331582109422397,0.0036982157078895026,0.01159894926565344,0.01159894926565344,0.0051270717768468095,0.01084249605267604,0.008741237127738824,0.009077438555728777,0.016221718900515318,0.008657186770741336,0.003530114993894525,0.010506294624686087,0.007396431415779005,0.01033819391069111,0.05575013003718988,0.045417432034601024,0.04226831355654659,0.04373256104106776,0.04514946898649259,0.04135628457070338,0.044362088471076186,0.043846834691438435,0.042610757840572284,0.04396768615279108
mRNALoc_18566#852920,0,0.013284113541495925,0.006864944581846887,0.009093822692836135,0.013729889163693774,0.007667340701803017,0.004725221595297208,0.003566204977582799,0.009093822692836135,0.011768476426023236,0.0037445152264619385,0.005795083088572048,0.004368601097538928,0.007756495826242587,0.009896218812792266,0.012838337919298073,0.017741869763474423,0.012392562297100224,0.004725221595297208,0.006330013835209467,0.008826357319517428,0.007489030452923877,0.0036553601020223683,0.003120429355384949,0.005616772839692908,0.0032987396042640886,0.0024071883598683888,0.002674653733187099,0.004992686968615918,0.006330013835209467,0.005349307466374198,0.0073107202040447366,0.009004667568396567,0.010074529061671405,0.004279445973099359,0.0060625484618907575,0.011590166177144095,0.005973393337451187,0.004368601097538928,0.0024071883598683888,0.005081842093055487,0.006151703586330328,0.004368601097538928,0.005081842093055487,0.010698614932748396,0.007132409955165598,0.005973393337451187,0.0060625484618907575,0.010787770057187967,0.007221565079605167,0.009182977817275706,0.0041902908486597884,0.013997354537012485,0.011144390554946246,0.007132409955165598,0.004279445973099359,0.008202271448440436,0.010876925181627535,0.0073107202040447366,0.012749182794858505,0.009896218812792266,0.013373268665935495,0.009539598315033987,0.014621440408089473,0.0216646952388155,0.06206231089194825,0.04947653061731569,0.04606712743230673,0.0487496623229843,0.04867444522854107,0.04615431142156661,0.04872256286814357,0.04834952440124951,0.04641840972832374,0.048389077524225735
mRNALoc_18602#853231,0,0.014792982190973072,0.008564358110563358,0.012651892663332233,0.009926869628152982,0.00817506910553775,0.007688457849255741,0.007785780100512144,0.012165281407050223,0.010705447638204198,0.007883102351768544,0.008856324864332563,0.010608125386947796,0.006812557587948125,0.006423268582922518,0.010218836381922189,0.009634902874383776,0.010900092140716999,0.008077746854281349,0.010218836381922189,0.006423268582922518,0.010218836381922189,0.003211634291461259,0.0030169897889484555,0.003990212301512474,0.008369713608050553,0.003308956542717661,0.004574145809050884,0.00486611256282009,0.009926869628152982,0.005158079316589295,0.008564358110563358,0.006909879839204527,0.013917081929665457,0.007688457849255741,0.009050969366845367,0.009440258371870973,0.009440258371870973,0.004282179055281679,0.005742012824127706,0.00817506910553775,0.010608125386947796,0.00652059083417892,0.005352723819102099,0.005742012824127706,0.008564358110563358,0.0050607570653328935,0.0074938133467429375,0.00759113559799934,0.006325946331666116,0.011484025648255411,0.006131301829153313,0.007201846592973732,0.007785780100512144,0.0052554015678456965,0.004574145809050884,0.006228624080409715,0.010510803135691393,0.009926869628152982,0.009440258371870973,0.0074938133467429375,0.005839335075384107,0.007201846592973732,0.011094736643229804,0.011581347899511813,0.062125142382173225,0.049077032134002524,0.04286806657538193,0.0503723813976919,0.04873404031997125,0.042086731674953144,0.05059814537164511,0.0489278199690295,0.04320768771907786,0.04862807707855409
mRNALoc_18436#851415,0,0.016598288851386516,0.010867927224122123,0.012152318623336555,0.011361923916127673,0.011164325239325453,0.007311151041682155,0.004939966920055511,0.007014753026478825,0.011954719946534334,0.005631562288863282,0.005335164273659951,0.006817154349676604,0.007607549056885486,0.008496743102495478,0.012053519284935444,0.01402950605295765,0.014128305391358759,0.006817154349676604,0.007113552364879935,0.009682335163308799,0.011361923916127673,0.00464356890485218,0.0028651808136321956,0.006026759642467722,0.003260378167236637,0.0014819900760166531,0.0026675821368299757,0.007903947072088817,0.005631562288863282,0.007014753026478825,0.0064219569960721635,0.007409950380083265,0.012251117961737666,0.00444597022804996,0.006224358319269942,0.01017633185531435,0.00444597022804996,0.004248371551247739,0.0017783880912199837,0.00523636493525884,0.00523636493525884,0.0028651808136321956,0.0029639801520333063,0.011164325239325453,0.007014753026478825,0.007409950380083265,0.007706348395286596,0.012349917300138777,0.008002746410489927,0.008299144425693258,0.004248371551247739,0.010867927224122123,0.010769127885721012,0.008694341779297697,0.005730361627264391,0.008200345087292147,0.012745114653743216,0.005730361627264391,0.011263124577726564,0.008595542440896588,0.011164325239325453,0.01047272987051768,0.012152318623336555,0.013535509360952097,0.06175468801523644,0.04943196730244692,0.043914153975300935,0.04938845981373089,0.046587732950267906,0.046687794991623066,0.04795321965491479,0.04737627650855096,0.04654106760777898,0.046608079494376065
mRNALoc_18510#852264,0,0.02050092774378109,0.008723799039906848,0.014176173439848627,0.01559379078383349,0.009814273919895204,0.006542849279930135,0.005125231935945273,0.007851419135916162,0.012431413631867257,0.003925709567958081,0.008941894015904518,0.006869991743926642,0.010686653823885887,0.007960466623914999,0.012758556095863766,0.015048553343839312,0.012976651071861436,0.004907136959947602,0.006760944255927806,0.007633324159918491,0.006651896767928971,0.002944282175968561,0.003598567103961574,0.005343326911942944,0.0061066593279347926,0.0027261871999708894,0.0023990447359743833,0.00370761459196041,0.006760944255927806,0.005343326911942944,0.0055614218879406156,0.009050941503903353,0.015702838271832324,0.007524276671919656,0.006542849279930135,0.01188617619187308,0.005670469375939451,0.0032714246399650677,0.0025080922239732184,0.005234279423944108,0.009269036479901025,0.004470947007952259,0.0055614218879406156,0.006869991743926642,0.0057795168639382865,0.004143804543955753,0.005888564351937122,0.008505704063909176,0.009814273919895204,0.008178561599912669,0.004798089471948767,0.011231891263880066,0.01014141638389171,0.0057795168639382865,0.00370761459196041,0.008287609087911506,0.01384903097585212,0.0055614218879406156,0.009269036479901025,0.006869991743926642,0.010795701311884722,0.010468558847888216,0.011340938751878901,0.01831997798380438,0.060276922181938114,0.048558782827270275,0.04534169628799921,0.047852668346423335,0.04822197705361444,0.04479951794859089,0.04750698852532475,0.048465656703364654,0.04453807736380942,0.047770714623181894
mRNALoc_18867#856913,0,0.01874904301446636,0.01007896531991544,0.013980500282463353,0.01343862042655392,0.01007896531991544,0.005743926472639983,0.0052020466167305495,0.006936062155640733,0.014847508051918444,0.005527174530276209,0.006827686184458847,0.006285806328549415,0.010295717262279213,0.007694693953913939,0.011812980858825622,0.01593126776373731,0.01343862042655392,0.005418798559094323,0.006502558270913187,0.007694693953913939,0.007477942011550165,0.004009910933729799,0.0031429031642747074,0.004335038847275458,0.004876918703184891,0.0020591434524558426,0.00335965510663848,0.004660166760821117,0.005960678415003755,0.0039015349625479124,0.006502558270913187,0.0072611900691863926,0.015822891792555423,0.004768542732003004,0.005960678415003755,0.012679988628280715,0.006285806328549415,0.004009910933729799,0.0027093992795471614,0.004876918703184891,0.009211957550460349,0.003684783020184139,0.003576407049002253,0.008453325752187144,0.0063941822997313005,0.004768542732003004,0.007044438126822619,0.009645461435187895,0.008344949781005256,0.007694693953913939,0.007044438126822619,0.011812980858825622,0.009211957550460349,0.0052020466167305495,0.0039015349625479124,0.007477942011550165,0.010295717262279213,0.006610934242095074,0.011162725031734304,0.008453325752187144,0.012246484743553169,0.009428709492824122,0.011162725031734304,0.016906651504374287,0.06155567228991779,0.04893212970465981,0.04471205834132377,0.05036217996146899,0.04723495483708977,0.04568533759150692,0.048440631890432746,0.04833369504742438,0.046054306524936695,0.04780470565982636
mRNALoc_18603#853233,0,0.022009052351558773,0.008184270723695222,0.01260820084461156,0.013714183374840642,0.009400851506947213,0.0044239301209163355,0.004755724879985061,0.00829486897671813,0.012718799097634466,0.004092135361847611,0.008626663735786856,0.006525296928351595,0.011170423555313749,0.008516065482763948,0.012055209579497015,0.01658973795343626,0.010617432290199208,0.005419314398122511,0.006746493434397412,0.008737261988809765,0.006525296928351595,0.0027649563255727097,0.003317947590687252,0.003981537108824702,0.006635895181374504,0.0023225633134810763,0.0030967510846414354,0.003981537108824702,0.0057511091571912365,0.0034285458437101606,0.00630410042230578,0.008405467229741038,0.015041362411115542,0.0058617074102141455,0.006857091687420321,0.014045978133909367,0.0057511091571912365,0.0030967510846414354,0.0027649563255727097,0.004202733614870519,0.008958458494855579,0.004755724879985061,0.0037603406027788854,0.00763127945858068,0.006857091687420321,0.0044239301209163355,0.006525296928351595,0.009400851506947213,0.008847860241832671,0.007410082952534863,0.0058617074102141455,0.011723414820428291,0.009843244519038848,0.00630410042230578,0.005198117892076695,0.007410082952534863,0.013492986868794824,0.004645126626962153,0.009622048012993031,0.009069056747878489,0.010064441025084666,0.012387004338565741,0.011944611326474107,0.01858050650784861,0.06077487836123468,0.04818744732821991,0.04584260700577819,0.04814364706602874,0.04826522273530048,0.04561854841728187,0.04732574105517074,0.04807129536693069,0.04543166950073562,0.048278263112840676
mRNALoc_18592#853198,0,0.02139622822863549,0.006902009106011448,0.01299878381632156,0.014034085182223276,0.00851247789741412,0.004946439859308205,0.004026171978506678,0.006556908650710876,0.013688984726922706,0.00437127243380725,0.006441875165610685,0.007132076076211829,0.009317712293115454,0.007937310471913164,0.012653683361020986,0.017715156705429384,0.009662812748416027,0.0035660380381059144,0.006096774710310112,0.009202678808015263,0.005521607284809158,0.0018405357616030529,0.0029908706126049608,0.0046013394040076315,0.004946439859308205,0.001725502276502862,0.0026457701573043882,0.003911138493406487,0.006786975620911257,0.0033359710679055333,0.006556908650710876,0.008857578352714692,0.014379185637523849,0.006096774710310112,0.007132076076211829,0.01161838199511927,0.006211808195410303,0.0035660380381059144,0.0023006697020038157,0.006211808195410303,0.007132076076211829,0.004141205463606868,0.005176506829508586,0.008972611837814882,0.007477176531512402,0.004486305918907441,0.0059817412252099215,0.01012294668881679,0.0100079132037166,0.007477176531512402,0.005406573799708967,0.012653683361020986,0.008282410927213737,0.0046013394040076315,0.003911138493406487,0.008167377442113545,0.013458917756722323,0.008052343957013356,0.011158248054718507,0.008052343957013356,0.011963482450419843,0.009202678808015263,0.015529520488525758,0.0200158264074332,0.061144399600256735,0.04956552382665271,0.04563736824333254,0.04782930582707413,0.049187193226408264,0.045340687599076356,0.04890387853259717,0.04868591033144854,0.044998589359507554,0.048878737489600345
mRNALoc_10295#446296,0,0.01628223054243965,0.008642106980217968,0.009894586252713326,0.009644090398214254,0.011021817597959149,0.0072643797804730756,0.0038826857447356094,0.009268346616465648,0.010270330034461934,0.008516859052968433,0.00801586734397029,0.0068886359987244674,0.006387644289726325,0.007514875634972147,0.013902519924698473,0.008767354907467505,0.01039557796171147,0.01039557796171147,0.010771321743460079,0.011522809306957293,0.01064607381621054,0.005385660871730039,0.0038826857447356094,0.008266363198469361,0.003381694035737466,0.0037574378174860734,0.0035069419629870017,0.002254462690491644,0.0068886359987244674,0.0070138839259740035,0.011522809306957293,0.00889260283471704,0.011522809306957293,0.006262396362476789,0.007514875634972147,0.008141115271219825,0.010896569670709613,0.007765371489471219,0.003381694035737466,0.008266363198469361,0.011147065525208685,0.008391611125718897,0.0071391318532235395,0.0056361567262291105,0.005385660871730039,0.006011900507977717,0.010270330034461934,0.0057614046534786465,0.006387644289726325,0.006137148435227253,0.0055109087989795745,0.0072643797804730756,0.010520825888961007,0.007640123562221683,0.0017534709814935009,0.008516859052968433,0.008642106980217968,0.009644090398214254,0.0136520240701994,0.012650040652203114,0.006638140144225396,0.007890619416720753,0.00889260283471704,0.010145082107212398,0.061303492807315,0.04627694124042751,0.046456724578134274,0.04633758792106856,0.04727718027092196,0.04565611787965634,0.046455301781047155,0.048200675601935014,0.043709045806579305,0.04829753817284236
mRNALoc_18737#854781,0,0.013145031324205868,0.009699246413977146,0.009699246413977146,0.013655517977573087,0.0084230297805591,0.005232488197013987,0.005870596513723009,0.006508704830432032,0.012251679680813237,0.005232488197013987,0.005998218177064814,0.004977244870330378,0.010464976394027974,0.009316381423951733,0.013017409660864064,0.016973681224460004,0.012762166334180454,0.004083893226937746,0.006636326493773837,0.01008211140400256,0.00893351643392632,0.004083893226937746,0.0029352982568615045,0.004977244870330378,0.005232488197013987,0.0024248116034942865,0.002552433266836091,0.005360109860355791,0.005742974850381205,0.00421151489027955,0.005870596513723009,0.00893351643392632,0.012379301344155042,0.00446675821696316,0.005870596513723009,0.011358328037420606,0.0056153531870394005,0.0038286499002541364,0.002041946613468873,0.006891569820457446,0.006636326493773837,0.004339136553621355,0.0024248116034942865,0.00701919148379925,0.004977244870330378,0.005104866533672182,0.004594379880304964,0.011230706374078801,0.008040164790533688,0.0077849214638500775,0.006253461503748423,0.014548869620965719,0.010592598057369777,0.0077849214638500775,0.004722001543646768,0.006381083167090227,0.009954489740660755,0.006381083167090227,0.009444003087293536,0.008550651443900905,0.01544222126435835,0.010847841384053387,0.010847841384053387,0.023482386054892036,0.06233484486499644,0.050229561348298396,0.045707742945511144,0.049434693893174717,0.04798970639435795,0.04696152532935892,0.047939329930114474,0.04970271121343024,0.04520759477516129,0.04936574579873397
mRNALoc_18845#856630,0,0.012984222552257453,0.00883462565411332,0.011779500872151093,0.01003934733421968,0.008566909725200793,0.007496046009550695,0.0066928982228131205,0.012582648658888668,0.011913358836607355,0.008566909725200793,0.009905489369763418,0.01057477919204473,0.006291324329444334,0.006559040258356858,0.010440921227588468,0.009503915476394632,0.01057477919204473,0.008031477867375745,0.011377926978782305,0.006425182293900596,0.010842495120957255,0.002677159289125248,0.0028110172535815107,0.0033464491114065602,0.00776376193846322,0.002944875218037773,0.00441731282705666,0.004685028755969184,0.01111021104986978,0.005086602649337972,0.00896848361856958,0.006425182293900596,0.013653512374538766,0.007362188045094432,0.01057477919204473,0.009370057511938368,0.009771631405307157,0.004685028755969184,0.005889750436075546,0.009637773440850893,0.011645642907694828,0.007496046009550695,0.005889750436075546,0.005220460613794234,0.00829919379628827,0.004149596898144135,0.0069606141517256455,0.007629903974006958,0.006425182293900596,0.01111021104986978,0.0072283300806381704,0.006826756187269383,0.0072283300806381704,0.004818886720425446,0.00441731282705666,0.006023608400531808,0.009771631405307157,0.010976353085413518,0.01003934733421968,0.006559040258356858,0.005889750436075546,0.0066928982228131205,0.010976353085413518,0.009503915476394632,0.06213887494440832,0.04992376785969209,0.04184680381495652,0.05067264043451765,0.0494859778205768,0.041262315988904986,0.050566676817943024,0.049604448528279284,0.04230458758875085,0.049250186405572896
mRNALoc_18811#856137,0,0.018118781006393424,0.011618149652954563,0.008436989628931291,0.016320734036293312,0.011479838347562247,0.005394140910300333,0.006638942658831179,0.0071921878804004444,0.010511659209816034,0.0045642730779464355,0.005117518299515701,0.005809074826477282,0.014107753150016255,0.008160367018146656,0.011894772263739195,0.016044111425508684,0.01396944184462394,0.004287650467161803,0.006638942658831179,0.008022055712754342,0.007468810491185076,0.004425961772554119,0.002489603497061692,0.005255829604908017,0.004425961772554119,0.0026279148024540085,0.004149339161769487,0.004287650467161803,0.008022055712754342,0.004287650467161803,0.005670763521084966,0.009820102682854452,0.011479838347562247,0.0059473861318695975,0.005670763521084966,0.012309706179916145,0.00553245221569265,0.0038727165509848545,0.0020746695808847434,0.005394140910300333,0.008160367018146656,0.0047025843833387515,0.004149339161769487,0.006085697437261914,0.0045642730779464355,0.003734405245592538,0.005394140910300333,0.008436989628931291,0.0110649044313853,0.008851923545108237,0.005255829604908017,0.013416196623054674,0.008436989628931291,0.0059473861318695975,0.004287650467161803,0.009958413988246768,0.012309706179916145,0.004979206994123384,0.009681791377462135,0.0059473861318695975,0.011894772263739195,0.01244801748530846,0.009958413988246768,0.013416196623054674,0.06273280441089754,0.04955906852571288,0.046680033892055384,0.04836399189728791,0.04960113366675564,0.04662763717434203,0.049679254598312246,0.048255094133471545,0.04669728228485192,0.049180415620635555
mRNALoc_18740#854883,0,0.028749502517841186,0.012179592199676561,0.012604461695014115,0.019402373620414987,0.009488752062538717,0.005240057109163172,0.004248694953375544,0.008214143576526053,0.010763360548551381,0.0053816802742756905,0.0046735644487130995,0.006656288760288353,0.010763360548551381,0.01147147637411397,0.00920550573231368,0.021243474766877723,0.017986141969289805,0.004107071788263026,0.0055233034393882075,0.008639013071863608,0.008072520411413535,0.003682202292925472,0.001841101146462736,0.0055233034393882075,0.0046735644487130995,0.0024075938069128087,0.001699477981350218,0.0022659706418002904,0.007789274081188498,0.005240057109163172,0.004390318118488063,0.009630375227651235,0.013595823850801743,0.005098433944050654,0.004107071788263026,0.00991362155787627,0.005098433944050654,0.0031157096324753992,0.0012746084860126635,0.005240057109163172,0.004531941283600581,0.0026908401371378452,0.0012746084860126635,0.004956810778938135,0.0046735644487130995,0.0032573327975879175,0.002549216972025327,0.007789274081188498,0.012604461695014115,0.005806549769613244,0.005240057109163172,0.01458718600658937,0.013595823850801743,0.007081158255625908,0.003682202292925472,0.008072520411413535,0.012887708025239152,0.004248694953375544,0.005806549769613244,0.004390318118488063,0.015012055501926925,0.012462838529901597,0.011188230043888933,0.021243474766877723,0.059804456551417376,0.05080770950842084,0.044864506174899704,0.049216509129572206,0.04780270084070653,0.04695893468602616,0.04850382994906394,0.04752063347365053,0.04626904220216661,0.04741692092322306
mRNALoc_18515#852311,0,0.01903688307728771,0.008054065917314033,0.013325818154101398,0.01347225571623438,0.00790762835518105,0.00483243955038842,0.004686001988255436,0.010689942035707714,0.012007880094904557,0.003953814177590525,0.005857502485319296,0.005125314674654384,0.00966487910077684,0.007029002982383154,0.012740067905569467,0.01522950646183017,0.010982817159973679,0.004686001988255436,0.005125314674654384,0.007029002982383154,0.00615037760958526,0.003514501491191577,0.002928751242659648,0.005711064923186314,0.0049788771125214015,0.0019036883077287712,0.003953814177590525,0.005125314674654384,0.006589690295984208,0.006589690295984208,0.0068825654202501725,0.011275692284239643,0.012593630343436486,0.006443252733851225,0.004686001988255436,0.013325818154101398,0.00483243955038842,0.0032216263669256123,0.0032216263669256123,0.006296815171718243,0.00732187810664912,0.005125314674654384,0.0038073766154575425,0.008200503479447015,0.007468315668782102,0.004539564426122454,0.005857502485319296,0.010104191787175785,0.011275692284239643,0.008932691290111925,0.003953814177590525,0.010689942035707714,0.008932691290111925,0.00673612785811719,0.005125314674654384,0.008639816165845962,0.012740067905569467,0.006589690295984208,0.010836379597840697,0.009518441538643854,0.01112925472210666,0.011275692284239643,0.014204443526899292,0.017279632331691924,0.06112105090561404,0.04924524161464222,0.04540999128540679,0.04886521756516009,0.04824885896823834,0.045382949840928895,0.048244237084576244,0.04713456400473363,0.04638465984882217,0.04801751166497116
mRNALoc_18509#852259,0,0.025194396147284345,0.009831959472110963,0.0208929138782358,0.0113682031396283,0.011060954406124835,0.006452223403572819,0.0047623553693037475,0.007373969604083223,0.019971167677725398,0.006298599036821086,0.008295715804593625,0.0069130965038280215,0.008602964538097094,0.0076812183375866904,0.010600081305869632,0.01490156357491818,0.013211695540649108,0.004915979736055481,0.007527593970834957,0.007373969604083223,0.008142091437841892,0.004147857902296812,0.004301482269048547,0.005530477203062417,0.005991350303317619,0.0029188629682829425,0.004147857902296812,0.004147857902296812,0.007373969604083223,0.0035333604352898776,0.006298599036821086,0.007066720870579755,0.01920304584396673,0.008756588904848827,0.007373969604083223,0.012597198073642173,0.005991350303317619,0.004455106635800281,0.0038406091687933452,0.0061449746700693525,0.009524710738607495,0.005069604102807216,0.002611614234779475,0.006605847770324554,0.00722034523733149,0.004455106635800281,0.004455106635800281,0.0076812183375866904,0.009831959472110963,0.0061449746700693525,0.00568410156981415,0.010292832572366167,0.007834842704338424,0.007066720870579755,0.004301482269048547,0.00522322846955895,0.012443573706890438,0.0061449746700693525,0.008756588904848827,0.0061449746700693525,0.008756588904848827,0.008756588904848827,0.01213632497338697,0.009985583838862699,0.059273283422954896,0.048681350371186115,0.04324636585544399,0.04821056198133979,0.04768995185075751,0.04524182732225508,0.04755659390960885,0.04610168939551377,0.04447491642706477,0.04720061250798026
mRNALoc_18781#855529,0,0.018973401133313406,0.009338470870302693,0.00889378178124066,0.01778756356248132,0.008449092692178625,0.006077417550514451,0.004595120586974341,0.008152633299470604,0.011710146011966868,0.00444689089062033,0.005780958157806429,0.006670336335930494,0.012451294493736923,0.009338470870302693,0.014526510242693077,0.015860577509879174,0.013044213279152967,0.004150431497912307,0.008004403603116593,0.010524308441134781,0.007411484817700549,0.001926986052602143,0.002223445445310165,0.004298661194266318,0.004150431497912307,0.001334067267186099,0.0037057424088502745,0.0031128236234342307,0.006966795728638516,0.004595120586974341,0.004150431497912307,0.008152633299470604,0.013488902368214999,0.004595120586974341,0.006225647246868461,0.009931389655718735,0.007115025424992528,0.001926986052602143,0.002223445445310165,0.004595120586974341,0.006225647246868461,0.004002201801558297,0.00444689089062033,0.008152633299470604,0.006670336335930494,0.00444689089062033,0.004002201801558297,0.009634930263010714,0.009634930263010714,0.009190241173948682,0.0054844987650984065,0.013785361760923022,0.012747753886444946,0.005929187854160439,0.0032610533197882418,0.006818566032284505,0.012154835101028902,0.006077417550514451,0.00889378178124066,0.006818566032284505,0.01200660540467489,0.010376078744780769,0.011265456922904834,0.020159238704145495,0.06247101213543122,0.05023058714566679,0.044662666670820354,0.050568748923522575,0.048902572492680776,0.046138260043117094,0.04932575890162705,0.04884848648075187,0.0458054814751637,0.04995483630570528
mRNALoc_18505#852173,0,0.019915603318637416,0.012408952836997158,0.012715346734206965,0.014706907066070708,0.011949361991182449,0.0075066504816402565,0.0059746809955912245,0.008272635224664773,0.013021740631416772,0.0059746809955912245,0.0075066504816402565,0.0075066504816402565,0.009957801659318708,0.010723786402343224,0.011030180299553029,0.01148977114536774,0.015626088757700125,0.007353453533035354,0.009191816916294192,0.008579029121874578,0.010723786402343224,0.004289514560937289,0.006587468790010837,0.005055499303961805,0.00720025658443045,0.004136317612332387,0.0035235298179127736,0.004595908458147096,0.006893862687220644,0.008732226070479483,0.004136317612332387,0.006281074892801031,0.014094119271651094,0.006587468790010837,0.0067406657386157405,0.009345013864899094,0.006893862687220644,0.005361893201171612,0.0026043481262833547,0.004902302355356903,0.006281074892801031,0.005515090149776514,0.0024511511776784513,0.005361893201171612,0.006434271841405935,0.004749105406751998,0.004595908458147096,0.007813044378850062,0.01011099860792361,0.007353453533035354,0.005361893201171612,0.010417392505133419,0.011183377248157935,0.009498210813503997,0.004289514560937289,0.007813044378850062,0.010417392505133419,0.004136317612332387,0.006127877944196128,0.006127877944196128,0.009957801659318708,0.008579029121874578,0.007047059635825547,0.011796165042577546,0.06131645863105985,0.05029455214873909,0.043427432419088176,0.048968852998350014,0.04875193359898286,0.044673597537650885,0.04832580736468126,0.04737525845974361,0.04674314966010578,0.046606785457963026
mRNALoc_18739#854872,0,0.015029083781282883,0.011232262615485102,0.011706865261209825,0.012023267025026306,0.011390463497393342,0.006802637922054358,0.0058534326306049125,0.008542847623045007,0.01091586085166862,0.00522062910297195,0.006644437040146117,0.0063280352763296355,0.0063280352763296355,0.011232262615485102,0.010599459087852139,0.012497869670751028,0.015978289072732327,0.006486236158237875,0.007435441449687321,0.010599459087852139,0.011074061733576862,0.0053788299848801895,0.0033222185200730584,0.005537030866788431,0.005695231748696671,0.004746026457247227,0.0049042273391554665,0.006486236158237875,0.006486236158237875,0.007593642331595562,0.00727724056777908,0.0104412582059439,0.012339668788842788,0.007593642331595562,0.0058534326306049125,0.010599459087852139,0.006960838803962598,0.006011633512513153,0.003796821165797781,0.0053788299848801895,0.00885924938686149,0.0053788299848801895,0.0023730132286236133,0.0063280352763296355,0.004587825575338985,0.00711903968587084,0.007435441449687321,0.008068244977320284,0.006802637922054358,0.00727724056777908,0.004113222929614262,0.00727724056777908,0.011074061733576862,0.00711903968587084,0.00885924938686149,0.012339668788842788,0.01091586085166862,0.006802637922054358,0.00901745026876973,0.008068244977320284,0.008068244977320284,0.013447074962200474,0.009492052914494453,0.010124856442127416,0.06033766944259979,0.048191516362024664,0.044600856678934375,0.047680176727480775,0.047188267230478836,0.04458675695369689,0.046603934999804544,0.04751766540605933,0.04490622834801387,0.04711502196325335
mRNALoc_18574#853026,0,0.017689333423867817,0.009005478833969073,0.009970351566180044,0.015759587959445875,0.011096036420426177,0.003859490928843888,0.00482436366105486,0.008040606101758099,0.009970351566180044,0.004502739416984537,0.006593297003441642,0.006593297003441642,0.011739284908566827,0.007718981857687776,0.012060909152637151,0.019619078888289763,0.012382533396707474,0.005467612149195508,0.006110860637336156,0.010613600054320691,0.006593297003441642,0.00160812122035162,0.00241218183052743,0.004663551539019698,0.0053068000271603456,0.002572993952562592,0.002733806074597754,0.004181115172914212,0.006914921247511966,0.004502739416984537,0.00482436366105486,0.00562842427123067,0.013669030372988769,0.0053068000271603456,0.004341927294949374,0.01045278793228553,0.006754109125476804,0.003377054562738402,0.00321624244070324,0.004181115172914212,0.009166290956004235,0.004502739416984537,0.003537866684773564,0.005789236393265833,0.006593297003441642,0.003859490928843888,0.005467612149195508,0.009487915200074559,0.008683854589898747,0.008040606101758099,0.00723654549158229,0.014151466739094256,0.010131163688215206,0.00643248488140648,0.004341927294949374,0.004985175783090022,0.009487915200074559,0.005950048515300994,0.010131163688215206,0.008844666711933909,0.01286496976281296,0.009809539444144881,0.012060909152637151,0.021548824352711708,0.06340925907535208,0.049749352170468185,0.04599827659765042,0.04897176320249768,0.04919065230600255,0.04796497036827519,0.04816688887543617,0.05074105899675745,0.04570278219945755,0.05014010880078409
mRNALoc_17522#80843,0,0.010322067031689612,0.0046271334969643085,0.009076300320968452,0.005161033515844806,0.008008500283207457,0.009254266993928617,0.001957633402561823,0.007118666918406629,0.009610200339848949,0.011745800415370938,0.0124576671072116,0.007296633591366795,0.003203400113282983,0.008008500283207457,0.007652566937287126,0.006584766899526132,0.008364433629127789,0.009788167012809115,0.015305133874574252,0.010322067031689612,0.013347500472012429,0.009432233666888782,0.004271200151043977,0.012635633780171766,0.003025433440322817,0.0021356000755219885,0.004093233478083811,0.0028474667673626516,0.005516966861765137,0.00996613368576928,0.018686500660817403,0.011745800415370938,0.006762733572486297,0.006406800226565966,0.011033933723530275,0.006584766899526132,0.010678000377609942,0.011033933723530275,0.0026695000944024854,0.012101733761291268,0.010322067031689612,0.010678000377609942,0.011389867069450606,0.009788167012809115,0.004271200151043977,0.010678000377609942,0.011033933723530275,0.006584766899526132,0.00373730013216348,0.005516966861765137,0.005694933534725303,0.0033813667862431485,0.011745800415370938,0.00996613368576928,0.003203400113282983,0.014059367163853092,0.007652566937287126,0.011923767088331105,0.014415300509773424,0.012635633780171766,0.005339000188804971,0.010322067031689612,0.009254266993928617,0.00996613368576928,0.05702280417503439,0.046094798591609885,0.0426536869167849,0.04485984479691493,0.045037871924523715,0.043064526007546365,0.044572709553929654,0.044066636765083336,0.04386891805381707,0.04435815062960875
mRNALoc_18670#854070,0,0.014490728532875169,0.008729354537876608,0.01379238016984504,0.008729354537876608,0.008554767447119074,0.0068088965395437535,0.0071580707210588184,0.008205593265604012,0.011522747989997122,0.005237612722725964,0.00803100617484648,0.006285135267271157,0.006634309448786221,0.008729354537876608,0.009253115810149204,0.011173573808482058,0.013617793079087507,0.005412199813483497,0.0068088965395437535,0.007681831993331415,0.008205593265604012,0.005237612722725964,0.004364677268938304,0.006983483630301286,0.0048884385412109,0.005586786904241029,0.0038409159966657073,0.006983483630301286,0.008554767447119074,0.0071580707210588184,0.007856419084088946,0.010475225445451928,0.011173573808482058,0.0068088965395437535,0.0071580707210588184,0.009253115810149204,0.007681831993331415,0.005586786904241029,0.00401550308742324,0.008380180356361544,0.007856419084088946,0.0073326578118163505,0.0048884385412109,0.006459722358028689,0.005586786904241029,0.005412199813483497,0.006983483630301286,0.010824399626966994,0.006459722358028689,0.0097768770824218,0.0033171547243931107,0.009951464173179334,0.009078528719391672,0.0071580707210588184,0.005761373994998561,0.010475225445451928,0.010300638354694396,0.0075072449025738825,0.0097768770824218,0.009078528719391672,0.008729354537876608,0.011173573808482058,0.012570270534542315,0.01571283816817789,0.06071112502212581,0.04758063907855669,0.044480664187996365,0.047831831366072,0.047359122476600776,0.04467013302566365,0.04820993605678713,0.046792771232613925,0.04552955321130715,0.04761221642937584
mRNALoc_18392#850829,0,0.02134238119658402,0.0075223146840419095,0.0164441297744172,0.011895753453833716,0.008047127336416927,0.005598001625333514,0.00524812652375017,0.004898251422166825,0.015744379571250508,0.005772939176125186,0.009971440395125321,0.008746877539583616,0.009271690191958632,0.009446627742750305,0.012770441207792079,0.012420566106208734,0.00979650284433365,0.00524812652375017,0.006472689379291875,0.0082220648872086,0.005772939176125186,0.0019243130587083955,0.003498751015833446,0.005073188972958497,0.005772939176125186,0.002973938363458429,0.002624063261875085,0.005772939176125186,0.005423064074541842,0.003323813465041774,0.006997502031666892,0.007172439582458565,0.017143879977583886,0.005073188972958497,0.010321315496708667,0.013120316309375425,0.006997502031666892,0.004723313871375152,0.004198501219000135,0.005073188972958497,0.011196003250667028,0.004373438769791808,0.004023563668208463,0.00909675264116696,0.0075223146840419095,0.005772939176125186,0.007872189785625254,0.009271690191958632,0.00909675264116696,0.005947876726916858,0.006997502031666892,0.01049625304750034,0.008921815090375288,0.004023563668208463,0.004198501219000135,0.007872189785625254,0.01294537875858375,0.007872189785625254,0.01207069100462539,0.00682256448087522,0.010321315496708667,0.006472689379291875,0.01207069100462539,0.013995004063333785,0.06086917402071356,0.04944485136401933,0.04315198661212748,0.04850690067025861,0.04852718219718538,0.04334194977283439,0.04852141309711854,0.0472427908586648,0.04498024326058894,0.04829810800630571
mRNALoc_18523#852366,0,0.014719373798013826,0.010216977106856656,0.011602329934905016,0.012987682762953376,0.008312116968290161,0.00761944055426598,0.00519507310518135,0.009697469796338521,0.009524300692832477,0.005368242208687395,0.00796577876127807,0.00761944055426598,0.011429160831398971,0.00865845517530225,0.010563315313868745,0.01593155752255614,0.012121837245423152,0.004848734898169261,0.006926764140241801,0.009870638899844566,0.007446271450759935,0.0024243674490846303,0.002943874759602765,0.004675565794663215,0.005368242208687395,0.0024243674490846303,0.002597536552590675,0.0027707056560967204,0.008312116968290161,0.005541411312193441,0.005714580415699486,0.010909653520880837,0.012814513659447331,0.0050219040016753055,0.006926764140241801,0.00935113158932643,0.006234087726217621,0.0020780292420725403,0.0010390146210362701,0.007099933243747845,0.009697469796338521,0.003982889380639035,0.004156058484145081,0.005368242208687395,0.00727310234725389,0.004329227587651125,0.004156058484145081,0.007792609657772025,0.010043808003350611,0.01073648441737479,0.0050219040016753055,0.01419986648749569,0.01177549903841106,0.005368242208687395,0.003982889380639035,0.00900479338231434,0.009524300692832477,0.004675565794663215,0.008485286071796206,0.007792609657772025,0.012987682762953376,0.011602329934905016,0.010043808003350611,0.022338814352279808,0.06188416539060203,0.04848884862868969,0.0467143979638615,0.049067130420382285,0.047443071484122384,0.04689498289317998,0.04873924541194138,0.04837261515411699,0.045967045707013356,0.049216192776884576
mRNALoc_18656#853801,0,0.019942891850046593,0.009259199787521632,0.0178061534375416,0.014422984284408696,0.008368892115644552,0.0044515383593854,0.0044515383593854,0.007656645978142888,0.01602553809378744,0.006766338306265808,0.007834707512518304,0.006766338306265808,0.010149507459398712,0.009437261321897048,0.014422984284408696,0.014957168887534945,0.016737784231289105,0.004985722962511648,0.0053418460312624795,0.0089030767187708,0.00801276904689372,0.003383169153132904,0.001958676878129576,0.004985722962511648,0.0044515383593854,0.003383169153132904,0.002314799946880408,0.004629599893760816,0.007122461375016639,0.004095415290634568,0.007300522909392056,0.006054092168764145,0.01602553809378744,0.004807661428136232,0.007834707512518304,0.01513523042191036,0.007656645978142888,0.0044515383593854,0.0030270460843820723,0.004807661428136232,0.008368892115644552,0.0035612306875083197,0.005163784496887064,0.0053418460312624795,0.005876030634388728,0.004985722962511648,0.0053418460312624795,0.008546953650019968,0.0089030767187708,0.005876030634388728,0.006410215237514976,0.010327568993774128,0.011930122803152872,0.006054092168764145,0.0053418460312624795,0.007122461375016639,0.014957168887534945,0.006232153703139559,0.007122461375016639,0.00801276904689372,0.008368892115644552,0.011930122803152872,0.009259199787521632,0.012642368940654536,0.06046624923427318,0.04860381929085018,0.044367152203087595,0.04839417776704586,0.04721205757330743,0.04468628207540419,0.04747339476857411,0.04740106990634385,0.04546880406430766,0.04812405115309617
mRNALoc_18446#851527,0,0.022783056246180506,0.013043734492088075,0.010087154673881446,0.021217808107129938,0.012521985112404552,0.004869660877046215,0.005913159636413261,0.007826240695252845,0.00973932175409243,0.005913159636413261,0.005217493796835231,0.0067827419358857995,0.019130810588395844,0.006956658395780308,0.008695822994725384,0.016174230770189216,0.014087233251455123,0.004695744417151707,0.0067827419358857995,0.010087154673881446,0.0071305748556748155,0.0029565798182066305,0.0022609139786286,0.005043577336940723,0.0060870760963077685,0.0019130810588395845,0.0026087468984176154,0.003130496278101138,0.006956658395780308,0.004347911497362692,0.005391410256729738,0.008174073615041862,0.012869818032193567,0.005565326716624246,0.005391410256729738,0.00973932175409243,0.006434909016096784,0.004347911497362692,0.0024348304385231074,0.004695744417151707,0.0067827419358857995,0.0036522456577846615,0.0045218279572572,0.005391410256729738,0.005217493796835231,0.003826162117679169,0.004695744417151707,0.0060870760963077685,0.017565562449345276,0.007826240695252845,0.005391410256729738,0.00973932175409243,0.009565405294197922,0.005217493796835231,0.003130496278101138,0.007304491315569323,0.010956736973353984,0.006434909016096784,0.008000157155147354,0.0045218279572572,0.009217572374408907,0.010087154673881446,0.011130653433248492,0.015304648470716676,0.06326715342188777,0.05312652127980296,0.0406936290724254,0.05268398355034077,0.05126408511036517,0.04137381859024832,0.05223765181066941,0.05080024251568499,0.04186053875311756,0.05111730555969749
mRNALoc_18849#856668,0,0.019074907337449612,0.01583577212920345,0.011696877140888911,0.018535051469408582,0.013676348657039343,0.007917886064601726,0.005218606724396592,0.00935750171271113,0.009537453668724806,0.006658222372505997,0.00485870281236924,0.007018126284533347,0.009537453668724806,0.010797117360820533,0.009897357580752155,0.014576108437107722,0.02069447494157269,0.008457741932642752,0.007378030196560698,0.00971740562473848,0.012776588876970965,0.0041388949883145384,0.0028792312962188094,0.00611836650446497,0.007198078240547023,0.003958943032300863,0.0035990391202735117,0.0014396156481094047,0.008457741932642752,0.008817645844670102,0.005758462592437619,0.007917886064601726,0.015115964305148747,0.004678750856355565,0.005578510636423943,0.008277789976629077,0.008097838020615401,0.0041388949883145384,0.00323913520824616,0.005938414548451293,0.007378030196560698,0.0028792312962188094,0.001259663692095729,0.004318846944328213,0.0028792312962188094,0.0062983184604786455,0.003958943032300863,0.005398558680410267,0.010257261492779508,0.007198078240547023,0.0034190871642598357,0.008097838020615401,0.011696877140888911,0.00971740562473848,0.00485870281236924,0.009537453668724806,0.00971740562473848,0.007917886064601726,0.00611836650446497,0.005758462592437619,0.008097838020615401,0.009897357580752155,0.009897357580752155,0.011157021272847886,0.0606011321351236,0.04997089723309023,0.04379979467730432,0.047914771052313294,0.04856177869281061,0.044651980525399516,0.047943352734325734,0.0467326414285146,0.04574860821680323,0.04779288150107966
mRNALoc_18551#852709,0,0.022058644306924512,0.011477668582464786,0.01093965286766175,0.015243778586086046,0.007890897150444541,0.0059181728628334065,0.004124787146823283,0.011298330010863776,0.011657007154065799,0.004483464290025307,0.005559495719631382,0.0062768500060354305,0.008070235722045554,0.01004296000965669,0.01237436144046985,0.013450392870075923,0.011836345725666813,0.004842141433227333,0.005200818576429357,0.008070235722045554,0.0075322200072425165,0.0019727242876111353,0.003945448575222271,0.004842141433227333,0.005200818576429357,0.0019727242876111353,0.0017933857160101231,0.005200818576429357,0.006814865720838468,0.005738834291232393,0.008608251436848591,0.009146267151651627,0.014347085728080985,0.0062768500060354305,0.005380157148030369,0.009504944294853651,0.004483464290025307,0.004483464290025307,0.0019727242876111353,0.004483464290025307,0.0043041257184242955,0.0030487557172172094,0.0026900785740151846,0.01004296000965669,0.008608251436848591,0.005559495719631382,0.006097511434434419,0.010580975724459726,0.011477668582464786,0.006635527149237455,0.006456188577636443,0.01093965286766175,0.01004296000965669,0.0059181728628334065,0.004124787146823283,0.009684282866454666,0.014526424299681998,0.0059181728628334065,0.01004296000965669,0.009325605723252639,0.012015684297267825,0.008428912865247579,0.012733038583671873,0.017575180016899207,0.06108354219216612,0.050976525278656704,0.04386808436855882,0.04824999339403977,0.0484643914053001,0.04569658074086259,0.04831381086344463,0.04883008530348078,0.04336550330068479,0.049857215518319536
mRNALoc_18810#856071,0,0.01314586868565201,0.005660026795211283,0.012415542647560233,0.008763912457101342,0.004564537738073615,0.005660026795211283,0.004016793209504781,0.008216167928532508,0.012232961138037289,0.004199374719027726,0.007668423399963673,0.0054774452856883385,0.00474711924759656,0.007303260380917784,0.011685216609468455,0.01424135774278968,0.008216167928532508,0.004199374719027726,0.0058426083047342274,0.00675551585234895,0.008398749438055452,0.004564537738073615,0.005112282266642449,0.006390352833303061,0.0034690486809359476,0.004381956228550671,0.004016793209504781,0.004929700757119504,0.007851004909486618,0.0034690486809359476,0.01314586868565201,0.009311656985670175,0.014058776233266736,0.005660026795211283,0.006025189814257172,0.010589727552330785,0.0058426083047342274,0.007668423399963673,0.000912907547614723,0.010407146042807841,0.006025189814257172,0.006207771323780116,0.004199374719027726,0.01314586868565201,0.005660026795211283,0.007485841890440729,0.008033586419009562,0.014423939252312624,0.004564537738073615,0.006938097361871895,0.0054774452856883385,0.011685216609468455,0.006207771323780116,0.006572934342826005,0.00675551585234895,0.008763912457101342,0.014606520761835568,0.010041983023761953,0.013693613214220845,0.012050379628514345,0.010407146042807841,0.010041983023761953,0.017527824914202683,0.017162661895156795,0.0598060236100523,0.05072085502050071,0.04213333507655732,0.04804923146856818,0.04864394085978345,0.043794681528409034,0.04835145928180756,0.04747573065979853,0.04228109356519495,0.04984699886511944
mRNALoc_18570#852980,0,0.02841003514971576,0.011512563263283511,0.014483547331227644,0.016526098877939235,0.012255309280269544,0.004642162606162707,0.003713730084930165,0.010027071229311445,0.012440995784516053,0.005199222118902231,0.005756281631641756,0.009098638708078904,0.008912952203832397,0.00854157919533938,0.007984519682599856,0.019682769450129874,0.016526098877939235,0.0063133411443812805,0.006684714152874297,0.007798833178353347,0.005756281631641756,0.0035280435806836568,0.0035280435806836568,0.005384908623148739,0.005570595127395247,0.0022282380509580993,0.002042551546711591,0.0024139245552046076,0.008912952203832397,0.004827849110409215,0.0050135356146557225,0.010769817246297478,0.01671178538218574,0.00427078959766969,0.0050135356146557225,0.00947001171657192,0.005756281631641756,0.0038994165891766733,0.0022282380509580993,0.0035280435806836568,0.005756281631641756,0.0022282380509580993,0.0011141190254790496,0.004642162606162707,0.004456476101916199,0.004085103093423182,0.002970984067944132,0.009841384725064937,0.009284325212325414,0.00854157919533938,0.0063133411443812805,0.011141190254790495,0.013555114809995102,0.006127654640134772,0.0027852975636976237,0.01058413074205097,0.011883936271776528,0.005756281631641756,0.004827849110409215,0.005199222118902231,0.012998055297255577,0.015597666356706693,0.01169824976753002,0.022839440022320516,0.058732571126883175,0.04910181708010871,0.044707516983231686,0.04716275246358241,0.04688445322484792,0.04571133311138725,0.04750662370210639,0.04671084775522193,0.04464271984106474,0.04724597428312416
mRNALoc_18358#850403,0,0.018997426758359623,0.00922205182444642,0.012910872554224986,0.014570841882625342,0.011435344262313558,0.004979907985201066,0.004242143839245352,0.007377641459557135,0.011804226335291415,0.006639877313601422,0.006086554204134636,0.006270995240623564,0.00793096456902392,0.007193200423068207,0.009959815970402132,0.01789078053942605,0.010697580116357845,0.006455436277112493,0.00793096456902392,0.009406492860935348,0.004979907985201066,0.0023977334743560687,0.0022132924378671405,0.007193200423068207,0.00461102591222321,0.0027666155473339256,0.0018444103648892838,0.003319938656800711,0.007746523532534992,0.006086554204134636,0.006086554204134636,0.011435344262313558,0.01475528291911427,0.005533231094667851,0.0040577028027564245,0.007562082496046064,0.008299846642001776,0.003873261766267496,0.0018444103648892838,0.00682431835009035,0.004426584875734281,0.0047954669487121375,0.0047954669487121375,0.008668728714979635,0.007377641459557135,0.004426584875734281,0.005533231094667851,0.00922205182444642,0.011435344262313558,0.00682431835009035,0.005902113167645708,0.011250903225824631,0.009775374933913205,0.005533231094667851,0.004242143839245352,0.009959815970402132,0.011066462189335702,0.006639877313601422,0.009959815970402132,0.008299846642001776,0.012357549444758201,0.011804226335291415,0.014386400846136413,0.016784134320492482,0.06140963944859369,0.05007571983757297,0.04357358563546228,0.04957838942769187,0.04842150841282721,0.045497380060311586,0.04859661367751694,0.04791218533252966,0.04580653304425141,0.04822677404891073
mRNALoc_18859#856745,0,0.01795473763089465,0.009995420949157847,0.010920922888894685,0.013327227932210464,0.01277192676836836,0.007033814741999967,0.004072208534842086,0.009255019397368378,0.012401725992473625,0.005182810862526291,0.005923212414315761,0.007959316681736805,0.00906991900942101,0.00981032056121048,0.011476224052736787,0.013142127544263095,0.01203152521657889,0.008144417069684173,0.009440119785315745,0.010365621725052582,0.009440119785315745,0.002406305043315778,0.0029616062071578806,0.005182810862526291,0.005553011638421026,0.003146706595105248,0.003331806983052616,0.0038871081468947184,0.006293413190210496,0.005367911250473659,0.00906991900942101,0.007774216293789437,0.01277192676836836,0.008144417069684173,0.004812610086631556,0.011846424828631522,0.006108312802263129,0.003702007758947351,0.004257308922789454,0.006108312802263129,0.005553011638421026,0.005553011638421026,0.003702007758947351,0.007404015517894702,0.006478513578157864,0.005553011638421026,0.005367911250473659,0.00906991900942101,0.009625220173263112,0.006848714354052599,0.006293413190210496,0.007774216293789437,0.011661324440684155,0.006848714354052599,0.004627509698684189,0.007959316681736805,0.014067629483999934,0.006293413190210496,0.009255019397368378,0.007218915129947334,0.008699718233526275,0.010365621725052582,0.010920922888894685,0.013142127544263095,0.06131790787544363,0.050214002290371734,0.044539663856654775,0.048555849805002174,0.04784913142372501,0.04563423898159888,0.047752147808915554,0.048642411396146785,0.04538304711086855,0.0473835248370648
mRNALoc_18563#852876,0,0.011791434416951173,0.007417192617114448,0.014644200808149037,0.00817793032143388,0.00646627048671516,0.0051349795041561565,0.005705532782395729,0.010650327860472028,0.011791434416951173,0.0039938729476770105,0.005705532782395729,0.0039938729476770105,0.003613504095517295,0.00893866802575331,0.009128852451833168,0.01293254097343032,0.009509221303992883,0.0038036885215971526,0.004944795078076299,0.00646627048671516,0.010269959008312313,0.0019018442607985763,0.003613504095517295,0.003042950817277722,0.00646627048671516,0.0024723975390381495,0.0039938729476770105,0.003613504095517295,0.009319036877913025,0.004184057373756867,0.014834385234228895,0.012552172121270605,0.015975491790708042,0.007797561469274163,0.002662581965118007,0.009128852451833168,0.0020920286868784336,0.0039938729476770105,0.00038036885215971526,0.014073647529909465,0.003613504095517295,0.003613504095517295,0.0028527663911978645,0.017116598347187185,0.004184057373756867,0.009889590156152598,0.007417192617114448,0.016546045068947614,0.004944795078076299,0.00893866802575331,0.00323313524335758,0.010650327860472028,0.005895717208475587,0.007797561469274163,0.006846639338874875,0.013122725399510177,0.01369327867774975,0.01046014343439217,0.014644200808149037,0.013312909825590035,0.010650327860472028,0.010650327860472028,0.02073010244270448,0.015975491790708042,0.05933530948244136,0.05258723722884492,0.03873433539128989,0.048576468143485485,0.04883926974644023,0.04180667452638746,0.0479216900155866,0.04808121242822594,0.040813959064361895,0.04934575012292848
mRNALoc_18732#854764,0,0.008801566871918241,0.006888182769327319,0.010714950974509162,0.00861022846165915,0.009566920512954609,0.0065055059488091345,0.005740152307772766,0.007653536410363688,0.012628335077100086,0.005166137076995489,0.005357475487254581,0.008036213230881873,0.007079521179586412,0.0061228291282909506,0.009184243692436426,0.01396770394891373,0.012245658256581901,0.007270859589845503,0.007270859589845503,0.007079521179586412,0.007653536410363688,0.0044007834359591205,0.005740152307772766,0.005740152307772766,0.005357475487254581,0.0061228291282909506,0.004209445025700028,0.0061228291282909506,0.005740152307772766,0.005931490718031858,0.008992905282177333,0.01052361256425007,0.009566920512954609,0.008036213230881873,0.008418890051400056,0.009375582102695517,0.006888182769327319,0.005740152307772766,0.0040181066154409365,0.00861022846165915,0.008036213230881873,0.004209445025700028,0.0047834602564773045,0.008992905282177333,0.005166137076995489,0.006888182769327319,0.007462198000104596,0.013585027128395545,0.0044007834359591205,0.007270859589845503,0.0047834602564773045,0.011097627795027347,0.009758258923213702,0.006888182769327319,0.006314167538550043,0.009184243692436426,0.009566920512954609,0.009758258923213702,0.011671643025804623,0.009949597333472794,0.009566920512954609,0.013202350307877362,0.015307072820727376,0.017029118513059206,0.06127937304020603,0.04781366080570337,0.04550394556053776,0.04700342835864195,0.04703372717257037,0.04682327017663921,0.04644200024481405,0.0470173382670848,0.045764878731616034,0.047365301070823734
mRNALoc_18589#853153,0,0.029150927306441355,0.012741464915398206,0.014092832406425289,0.016409462391043145,0.01119704492565297,0.007335994951289877,0.00540546996410833,0.007722099948726187,0.01119704492565297,0.006177679958980949,0.006756837455135413,0.005984627460262794,0.013899779907707134,0.008880414941035114,0.011390097424371125,0.011776202421807434,0.01370672740898898,0.005212417465390176,0.00579157496154464,0.006949889953853567,0.006177679958980949,0.004440207470517557,0.0034749449769267836,0.006756837455135413,0.007142942452571722,0.0030888399794904743,0.0038610499743630933,0.00289578748077232,0.009073467439753269,0.006949889953853567,0.00579157496154464,0.00868736244231696,0.0166025148897613,0.005984627460262794,0.00540546996410833,0.010038729933344042,0.0046332599692357115,0.0034749449769267836,0.004247154971799403,0.006949889953853567,0.008880414941035114,0.005212417465390176,0.004440207470517557,0.004247154971799403,0.005598522462826485,0.0038610499743630933,0.00540546996410833,0.0036679974756449385,0.012934517414116362,0.007722099948726187,0.005019364966672021,0.012355359917961897,0.009652624935907734,0.005598522462826485,0.0038610499743630933,0.009073467439753269,0.01081093992821666,0.004826312467953867,0.007722099948726187,0.00540546996410833,0.009459572437189579,0.008494309943598805,0.006177679958980949,0.013127569912834517,0.06081240737366587,0.04777849141914155,0.046527169767098586,0.0480412733622076,0.04839254151172045,0.04719497788011931,0.04711929720004671,0.04830540990615256,0.04663326111241057,0.048185206360481445
mRNALoc_18691#854386,0,0.027044859568543734,0.009339232081223735,0.01595452147209055,0.017121925482243516,0.008755530076147253,0.005058750710662857,0.004085914035535384,0.007977260736045275,0.014008848121835603,0.00739355873096879,0.007588126065994285,0.007004424060917802,0.010312068756351208,0.009728366751274725,0.011090338096453186,0.015759954137065053,0.014397982791886591,0.004280481370560879,0.006226154720815824,0.007198991395943296,0.006420722055841319,0.001167404010152967,0.0027239426903569227,0.005058750710662857,0.004669616040611868,0.0013619713451784613,0.003113077360407912,0.0033076446954334064,0.009728366751274725,0.004280481370560879,0.006420722055841319,0.007977260736045275,0.01556538680203956,0.0052533180456883505,0.00739355873096879,0.011674040101529668,0.006615289390866813,0.003113077360407912,0.0025293753553314287,0.007588126065994285,0.009339232081223735,0.005447885380713845,0.002334808020305934,0.005447885380713845,0.004864183375637363,0.004085914035535384,0.004669616040611868,0.008366395406096263,0.012452309441631648,0.007004424060917802,0.006420722055841319,0.010701203426402196,0.010312068756351208,0.006031587385790329,0.003113077360407912,0.00778269340101978,0.012063174771580658,0.00564245271573934,0.00953379941624923,0.006226154720815824,0.011674040101529668,0.00914466474619824,0.01128490543147868,0.014203415456861098,0.060013057658114745,0.050368302158602773,0.044601802499869586,0.04815112084050437,0.04746128015294037,0.04656987971284713,0.04764289086360603,0.04725667077071208,0.04586428803148754,0.047634673503907876
mRNALoc_18581#853061,0,0.01764582921818658,0.010665061615387494,0.009695510559443177,0.0164823679510534,0.010083330981820904,0.004072114434966134,0.004653845068532725,0.008144228869932268,0.00930769013706545,0.0034903838013995436,0.005235575702099315,0.006205126758043633,0.009501600348254313,0.006980767602799087,0.00988942077063204,0.02365704576504135,0.013379804572031584,0.004653845068532725,0.004847755279721588,0.007174677813987951,0.00601121654685477,0.0011634612671331812,0.0011634612671331812,0.0027147429566440895,0.004847755279721588,0.002133012323077499,0.0009695510559443177,0.004266024646154998,0.006205126758043633,0.004072114434966134,0.006205126758043633,0.009501600348254313,0.013185894360842719,0.004847755279721588,0.005041665490910452,0.010665061615387494,0.004072114434966134,0.0019391021118886353,0.002520832745455226,0.004653845068532725,0.006205126758043633,0.002908653167832953,0.0032964735902106797,0.010277241193009767,0.006980767602799087,0.0056233961244770425,0.004653845068532725,0.01047115140419863,0.010277241193009767,0.006786857391610224,0.004653845068532725,0.015512816895109083,0.00988942077063204,0.0038782042237772707,0.0038782042237772707,0.01047115140419863,0.013573714783220447,0.004653845068532725,0.013185894360842719,0.006980767602799087,0.014543265839164765,0.011440702460142949,0.01764582921818658,0.025983968299307714,0.06151389983648424,0.05075028958268248,0.04624874060964522,0.04926023975494835,0.046860403042250594,0.04759031221524748,0.0474046997295133,0.04908743314325984,0.04693794865693987,0.04862820264847246
